**============================================================================**
** REALIZATION 030 - P50 SCENARIO (NARROW RANGES)
**============================================================================**
** Generated: January 2026
** Grid: 25x25x5 = 3125 cells
**
** MODIFICATION: Narrower Poro/Perm Ranges for Consistent Plume Migration
** Target Permeability Ranges:
**   P10: ~50-200 mD   | P50: ~150-400 mD  | P90: ~300-700 mD
**
** POROSITY-PERMEABILITY PROPERTIES:
**   Mean Porosity: 0.1366
**   Porosity Std: 0.0321
**   Grain Size: 102.5 microns
**   Correlation Length (X,Y,Z): (4.8, 3.1, 1.5) cells
**   Seed: 30000
**
** ROCK TYPE DISTRIBUTION:
**   Type 1 - Channel      :  315 cells ( 10.1%) - HYSKRG = 0.12
**   Type 2 - Clean Sand   :  756 cells ( 24.2%) - HYSKRG = 0.18
**   Type 3 - Silty Sand   : 1244 cells ( 39.8%) - HYSKRG = 0.25
**   Type 4 - Silt         :  750 cells ( 24.0%) - HYSKRG = 0.32
**   Type 5 - Shale        :   60 cells (  1.9%) - HYSKRG = 0.38
**============================================================================**

**--------------------------------------------------------------------**
** GMGHG005.DAT:  CO2 Sequestration - Gas phase hysteresis            **
**--------------------------------------------------------------------**
**--------------------------------------------------------------------**
**                                                                    **
** FILE:  GMGHG005.DAT                                                **
**                                                                    **
** MODEL: CART 9x9x24 GRID              CO2 INJECTION INTO AN         **
**        2 COMPONENTS                  AQUIFER WITHOUT GEOCHEMISTRY  **
**        WATER-GAS MODEL                                             **
**        FIELD UNITS                                                 **
**                                                                    **
**--------------------------------------------------------------------**
**                                                                    **
** This template data set is constructed to model gas sequestration   **
** into an  aquifer.  CO2 injection is done for first 25 years.       **
** The injector is shutin thereafter and the fate of CO2 is modelled  **
** for next 225 years.                                                **
**                                                                    **
** Solubility of CO2 in water is modeled via Harvey's correlation for **
** Henry's Law constants. Hysteresis in gas phase is modelled and     **
** trapped gas saturation is output for visualization and plotting.   **
**                                                                    **
**--------------------------------------------------------------------**
** CONTACT CMG at (403)531-1300 or support@cmgl.ca                    **
**--------------------------------------------------------------------**

*RESULTS *SIMULATOR *GEM
FILENAMES OUTPUT SRFOUT RESTARTOUT INDEX-OUT MAINRESULTSOUT 
*TITLE1 'GEM-GHG'
*TITLE2 'Realization 030 (P50) - Narrower Ranges for ML Training'
*TITLE3 'Solubility from SW-PR EOS'
*CASEID 'REAL_030_P50_ROCKTYPE_NARROW'
*INUNIT *FIELD

*WSRF   *GRID  *TIME
*WSRF   *WELL  1
*WRST   0
*WPRN   *ITER  *BRIEF
*OUTPRN *GRID  *PERM *POROS
*OUTSRF *WELL  *PAVG *GHGTHY *GHGSCRIT *GHGSOL *GHGLIQ *GHGGAS
*OUTSRF *GRID  *PRES *SG *SW *DENG  *Z 'CO2' *W 'CO2' *DENW *POROS *PERM
               *KRG *KRW *PCG *PCW *SGHYS *SGDTHY *SGRHYS

** Output CO2 inventory special history in mols, std volume, and mass units.
** These keywords must appear on a line by itself.
*OUTSRF *SPECIAL *CO2-INV-MOLS ** (equiv to *GHGGAS *GHGLIQ *GHGSCRIT *GHGTHY *GHGSOL *GHGAQU *GHGMNR)
*OUTSRF *SPECIAL *CO2-INV-VOL  ** (equiv to *GHGGASV *GHGLIQV *GHGSCRITV *GHGTHYV *GHGSOLV *GHGAQUV *GHGMNRV)
*OUTSRF *SPECIAL *CO2-INV-MASS ** (equiv to *GHGGASM *GHGLIQM *GHGSCRITM *GHGTHYM *GHGSOLM *GHGAQUM *GHGMNRM) 

*INVENTORY-CO2

**--------------------------- RESERVOIR DATA ----------------------------

*GRID  *CART  25  25  5
*KDIR *DOWN
*DI  *CON  293.3
*DJ  *CON  293.3
*DK  *CON  50.
*DEPTH  *TOP 1 1 1  7425.00
*POR  *ALL
  0.117154  0.127879  0.136597  0.116041  0.105882  0.091904  0.091528  0.080645
  0.076234  0.074959  0.070637  0.064878  0.068069  0.085683  0.110341  0.130241
  0.139705  0.138732  0.111386  0.101832  0.096711  0.112455  0.113189  0.112125
  0.111945  0.126326  0.130102  0.130056  0.122165  0.107256  0.092028  0.083749
  0.085596  0.094947  0.102262  0.099029  0.089874  0.086476  0.091761  0.101274
  0.115542  0.136790  0.155772  0.159605  0.150502  0.140609  0.134354  0.128877
  0.124241  0.123339  0.121734  0.121696  0.117054  0.108259  0.099397  0.094862
  0.097143  0.106782  0.121591  0.132690  0.130774  0.119844  0.111531  0.108199
  0.106337  0.111387  0.131202  0.157265  0.172147  0.171964  0.165200  0.156352
  0.143939  0.130368  0.122528  0.115418  0.117816  0.113329  0.104517  0.099318
  0.100231  0.104819  0.111772  0.121121  0.128156  0.125245  0.113835  0.104218
  0.101280  0.102260  0.108110  0.122765  0.141193  0.152726  0.154735  0.152549
  0.148420  0.138827  0.124546  0.115025  0.114433  0.119487  0.112510  0.097461
  0.086929  0.085548  0.089553  0.095300  0.101619  0.105500  0.101211  0.087951
  0.074019  0.069364  0.076683  0.091495  0.107426  0.118541  0.121417  0.119288
  0.119396  0.122442  0.121098  0.113470  0.109194  0.107435  0.111059  0.103258
  0.086850  0.074008  0.071747  0.077959  0.086264  0.078518  0.079064  0.075855
  0.067979  0.056953  0.050245  0.055046  0.069200  0.098125  0.109072  0.109690
  0.102924  0.098292  0.100269  0.102973  0.087644  0.087729  0.078173  0.093273
  0.088288  0.077100  0.069945  0.073943  0.084951  0.091444  0.074698  0.067541
  0.066269  0.069599  0.069626  0.065778  0.065537  0.073196  0.099585  0.111595
  0.112792  0.100592  0.084221  0.076038  0.078053  0.071580  0.074930  0.064702
  0.073532  0.069175  0.064069  0.067114  0.080623  0.094072  0.080552  0.067156
  0.053912  0.054387  0.066145  0.076222  0.078186  0.076610  0.078598  0.099558
  0.107991  0.109403  0.099542  0.083372  0.073013  0.063275  0.066771  0.066648
  0.064463  0.057033  0.062531  0.064758  0.076854  0.094616  0.090380  0.084202
  0.065036  0.047141  0.043993  0.055159  0.070021  0.080546  0.086242  0.090492
  0.094754  0.113721  0.114914  0.114117  0.112384  0.096020  0.095114  0.089018
  0.076754  0.080495  0.075532  0.074887  0.089410  0.097074  0.109541  0.100696
  0.093228  0.072314  0.051639  0.045029  0.053582  0.068053  0.079800  0.086317
  0.090077  0.093861  0.097215  0.115505  0.118462  0.124308  0.112086  0.112303
  0.104535  0.091615  0.098588  0.096119  0.090604  0.080119  0.072906  0.078048
  0.089364  0.090487  0.077299  0.063314  0.061815  0.071742  0.082918  0.088439
  0.088696  0.088864  0.093292  0.099482  0.101484  0.098859  0.096884  0.098780
  0.102504  0.104061  0.101857  0.111567  0.100458  0.080394  0.053411  0.034586
  0.038933  0.060247  0.077247  0.081343  0.083206  0.092044  0.102523  0.105130
  0.099049  0.091119  0.088781  0.093601  0.099062  0.098290  0.092465  0.088735
  0.092351  0.102421  0.112570  0.116013  0.113280  0.095057  0.067423  0.036470
  0.017698  0.023859  0.048896  0.074325  0.090413  0.101327  0.110897  0.114923
  0.109587  0.098596  0.090032  0.089013  0.091944  0.090984  0.085442  0.081914
  0.084797  0.093356  0.105231  0.116497  0.120597  0.102947  0.087379  0.069156
  0.052731  0.045118  0.052828  0.072913  0.092968  0.102336  0.101209  0.096902
  0.094718  0.095269  0.097025  0.099079  0.100271  0.096518  0.086437  0.077565
  0.077557  0.084555  0.092808  0.100781  0.108313  0.110648  0.097694  0.086036
  0.077113  0.072064  0.070323  0.075008  0.088111  0.101981  0.103881  0.091857
  0.078285  0.075456  0.084417  0.097361  0.105697  0.105298  0.096595  0.084688
  0.078068  0.080466  0.087653  0.094857  0.101166  0.106033  0.105771  0.093444
  0.080754  0.071946  0.069123  0.069113  0.071648  0.080396  0.092153  0.096613
  0.091010  0.083679  0.082430  0.088303  0.096955  0.101391  0.098183  0.090571
  0.083776  0.080945  0.082796  0.088122  0.094723  0.100837  0.104710  0.102887
  0.086477  0.077305  0.072531  0.074372  0.077377  0.076730  0.075985  0.079609
  0.086774  0.095160  0.101885  0.103720  0.101609  0.098635  0.094333  0.088339
  0.084646  0.085670  0.088038  0.088993  0.089759  0.091245  0.093450  0.095449
  0.093748  0.081489  0.077595  0.079391  0.085204  0.088539  0.084342  0.075881
  0.071363  0.076209  0.088711  0.100671  0.104424  0.098976  0.088167  0.077171
  0.072170  0.077561  0.089799  0.098807  0.099663  0.096490  0.094026  0.093372
  0.092425  0.088060  0.088475  0.085631  0.085463  0.085092  0.081994  0.076139
  0.071073  0.070988  0.076276  0.082611  0.085618  0.084641  0.079270  0.068112
  0.055482  0.052224  0.063279  0.080094  0.091136  0.094710  0.096542  0.099554
  0.101738  0.100188  0.094541  0.103310  0.103883  0.099139  0.088774  0.077112
  0.068796  0.067551  0.074630  0.085762  0.093149  0.093629  0.090835  0.086478
  0.077153  0.064322  0.058243  0.064033  0.073824  0.079910  0.084366  0.091509
  0.099658  0.104063  0.103766  0.102461  0.105867  0.108360  0.104541  0.094618
  0.084131  0.077450  0.077148  0.084541  0.096747  0.106904  0.111491  0.112837
  0.111695  0.104677  0.092538  0.083733  0.083474  0.086829  0.088785  0.091342
  0.097073  0.103672  0.106727  0.105241  0.103627  0.088325  0.088423  0.088675
  0.086793  0.085292  0.086850  0.091325  0.097224  0.103243  0.107335  0.109393
  0.112266  0.115117  0.112471  0.103247  0.094101  0.090753  0.092239  0.096331
  0.102652  0.109607  0.114105  0.112805  0.104406  0.093788  0.069643  0.067307
  0.068053  0.070617  0.076253  0.084565  0.091174  0.092428  0.090276  0.088685
  0.090109  0.095638  0.102288  0.104255  0.100408  0.095014  0.091250  0.090330
  0.094668  0.104119  0.112706  0.114285  0.106913  0.092830  0.078326  0.065159
  0.068128  0.070427  0.072001  0.076951  0.084286  0.087488  0.083499  0.077097
  0.074263  0.075616  0.079253  0.084712  0.092232  0.100708  0.106071  0.104106
  0.097257  0.093463  0.095782  0.099337  0.098276  0.090128  0.077446  0.067385
  0.078103  0.088320  0.096007  0.096914  0.095123  0.092962  0.087639  0.078599
  0.070595  0.066954  0.064774  0.062426  0.065934  0.081016  0.102585  0.117257
  0.116982  0.106634  0.095948  0.089520  0.087252  0.086970  0.084575  0.078642
  0.074338  0.122476  0.123868  0.135795  0.133135  0.145934  0.143910  0.147864
  0.125182  0.111770  0.108469  0.111596  0.119291  0.130008  0.142238  0.158788
  0.184056  0.211471  0.224898  0.186214  0.167657  0.150139  0.163566  0.156251
  0.144570  0.130716  0.159809  0.151462  0.144216  0.151162  0.171102  0.187985
  0.189675  0.176256  0.155322  0.136107  0.125232  0.125345  0.134121  0.144934
  0.156530  0.177648  0.208141  0.228284  0.223121  0.202448  0.185862  0.179018
  0.173820  0.167028  0.163042  0.164677  0.146700  0.132892  0.141171  0.167278
  0.189754  0.197388  0.192165  0.179231  0.165984  0.158587  0.156854  0.157497
  0.159189  0.164483  0.180223  0.206400  0.225460  0.220709  0.200633  0.187789
  0.188137  0.188567  0.182570  0.175136  0.151119  0.136347  0.136009  0.158169
  0.186156  0.196861  0.190471  0.181465  0.176633  0.175229  0.175224  0.173403
  0.170524  0.173821  0.186964  0.207364  0.228943  0.237533  0.220603  0.188348
  0.167899  0.170733  0.180450  0.179244  0.167338  0.139513  0.127844  0.132297
  0.155142  0.180540  0.191094  0.187565  0.180645  0.175224  0.170565  0.166519
  0.164030  0.167705  0.185177  0.214872  0.244081  0.250000  0.250000  0.216273
  0.168980  0.138771  0.140817  0.158823  0.166305  0.156360  0.144840  0.136873
  0.137594  0.148981  0.166854  0.185157  0.196908  0.195313  0.154246  0.134339
  0.116879  0.109427  0.117720  0.143745  0.179293  0.207938  0.250000  0.234562
  0.194534  0.148119  0.117567  0.115857  0.134433  0.130036  0.131752  0.139638
  0.164504  0.161400  0.156440  0.158980  0.175716  0.195950  0.197354  0.147373
  0.113787  0.086834  0.078462  0.092294  0.123115  0.157093  0.180142  0.216954
  0.206039  0.182083  0.153734  0.131408  0.122888  0.129244  0.123135  0.133659
  0.155771  0.188558  0.174025  0.150346  0.138388  0.146914  0.163420  0.141033
  0.120838  0.094344  0.080307  0.084644  0.102565  0.125751  0.144705  0.155026
  0.187098  0.193897  0.198490  0.194571  0.181430  0.164365  0.129310  0.127356
  0.138783  0.159175  0.164929  0.168529  0.139745  0.130311  0.138657  0.125154
  0.116715  0.097636  0.085620  0.090666  0.105604  0.121232  0.135370  0.145606
  0.149745  0.153254  0.191187  0.208727  0.215547  0.204732  0.155214  0.131776
  0.121612  0.135417  0.155861  0.160879  0.142904  0.148416  0.153451  0.169174
  0.147699  0.133197  0.115563  0.110361  0.115438  0.119025  0.120857  0.127264
  0.133832  0.131610  0.125292  0.129547  0.169080  0.181408  0.174363  0.129909
  0.108950  0.106124  0.128522  0.144769  0.148214  0.137404  0.131464  0.139929
  0.153539  0.160104  0.157596  0.153112  0.151599  0.147730  0.137171  0.127198
  0.124489  0.123272  0.114994  0.103430  0.101652  0.112151  0.121279  0.118106
  0.105719  0.096060  0.101854  0.123679  0.172195  0.173316  0.166302  0.155148
  0.143281  0.134765  0.135442  0.145511  0.157921  0.166061  0.167520  0.163652
  0.157423  0.150571  0.142519  0.131513  0.119322  0.112392  0.112950  0.115362
  0.116737  0.121143  0.131561  0.146613  0.162063  0.208723  0.213333  0.209198
  0.189001  0.156770  0.129569  0.123142  0.136913  0.156671  0.170001  0.174052
  0.171862  0.166511  0.159245  0.149995  0.138760  0.128688  0.124486  0.125931
  0.128996  0.134688  0.148178  0.168332  0.187507  0.200638  0.182389  0.189131
  0.193110  0.179596  0.151635  0.130206  0.131722  0.151965  0.173481  0.184107
  0.181856  0.170805  0.159196  0.151737  0.144395  0.133931  0.125450  0.124433
  0.128689  0.133858  0.141303  0.154437  0.170136  0.180189  0.181714  0.140735
  0.143739  0.154208  0.155246  0.142479  0.128695  0.128842  0.144285  0.163869
  0.177858  0.181803  0.175668  0.167086  0.161871  0.154678  0.141137  0.127895
  0.122522  0.124554  0.131861  0.145528  0.162596  0.172828  0.168218  0.152584
  0.138915  0.142349  0.152765  0.159800  0.153573  0.135667  0.120766  0.122497
  0.142044  0.169789  0.190458  0.194248  0.186861  0.179119  0.171746  0.160109
  0.145853  0.134670  0.129592  0.133847  0.150063  0.168927  0.173917  0.162333
  0.146739  0.158637  0.165983  0.168597  0.168039  0.157586  0.135335  0.116321
  0.118738  0.145980  0.184443  0.212968  0.219433  0.209635  0.196146  0.182693
  0.165371  0.145285  0.129934  0.124095  0.128064  0.138663  0.146046  0.143360
  0.139783  0.146540  0.163700  0.164475  0.155691  0.145330  0.132536  0.118196
  0.112868  0.126022  0.155061  0.187110  0.208284  0.213177  0.205357  0.189128
  0.165225  0.136946  0.114843  0.107317  0.111370  0.118484  0.121936  0.118878
  0.115996  0.125699  0.147202  0.173626  0.164158  0.145151  0.127247  0.115715
  0.114560  0.126308  0.146954  0.167501  0.179707  0.179667  0.169800  0.154730
  0.133851  0.106477  0.083842  0.081094  0.096676  0.113951  0.121437  0.120069
  0.117152  0.122612  0.141541  0.164248  0.189086  0.186453  0.168971  0.147733
  0.132900  0.130774  0.143734  0.165590  0.182157  0.180784  0.157884  0.122210
  0.089043  0.065045  0.049065  0.047107  0.065351  0.093795  0.115358  0.123596
  0.123756  0.124496  0.132721  0.151121  0.174164  0.171461  0.173859  0.164130
  0.153083  0.147163  0.145398  0.150165  0.161648  0.168557  0.158572  0.130452
  0.095987  0.072531  0.066082  0.068474  0.074085  0.083876  0.097038  0.110796
  0.122487  0.129803  0.132938  0.135600  0.143233  0.157591  0.144156  0.142048
  0.132350  0.129231  0.138237  0.150418  0.157702  0.156782  0.144903  0.126175
  0.111104  0.106443  0.112823  0.125308  0.133574  0.130820  0.122384  0.120303
  0.129636  0.142268  0.146264  0.139481  0.130562  0.129019  0.136368  0.118981
  0.121592  0.113015  0.107576  0.116621  0.134120  0.146181  0.143357  0.127072
  0.112188  0.113545  0.128923  0.145963  0.157709  0.161759  0.156306  0.145285
  0.138391  0.140382  0.143989  0.138246  0.122725  0.107318  0.101439  0.107760
  0.081194  0.087489  0.088996  0.091836  0.101616  0.112013  0.114973  0.110390
  0.104051  0.105304  0.120397  0.142225  0.157632  0.163430  0.165152  0.165556
  0.162534  0.155548  0.147484  0.138907  0.127337  0.113226  0.098355  0.084271
  0.077292  0.072437  0.075568  0.087021  0.102270  0.113720  0.111874  0.097435
  0.083627  0.081052  0.090338  0.107916  0.127138  0.140224  0.146743  0.154241
  0.166929  0.178569  0.180653  0.171915  0.156531  0.140527  0.128777  0.117824
  0.100738  0.081827  0.168632  0.139564  0.105903  0.068273  0.060446  0.066004
  0.086406  0.092365  0.099212  0.112115  0.129193  0.144325  0.154430  0.163028
  0.175372  0.191851  0.208932  0.221043  0.189507  0.176457  0.159566  0.175733
  0.178783  0.185757  0.184626  0.185929  0.157908  0.122352  0.092527  0.085053
  0.098297  0.112178  0.114823  0.114173  0.121739  0.136796  0.150753  0.160505
  0.170969  0.185398  0.199288  0.206957  0.206865  0.197814  0.180000  0.162313
  0.159879  0.176734  0.196557  0.200632  0.197779  0.180079  0.162116  0.148909
  0.147534  0.154223  0.154025  0.139966  0.123936  0.121057  0.130604  0.141615
  0.150192  0.162168  0.180591  0.196522  0.197787  0.183182  0.162533  0.147650
  0.146672  0.163000  0.190412  0.210849  0.211456  0.196992  0.186323  0.184572
  0.193360  0.205664  0.208747  0.193427  0.163276  0.135012  0.122002  0.120783
  0.120865  0.121085  0.131194  0.157048  0.185090  0.192682  0.174692  0.149041
  0.139292  0.155230  0.186474  0.212791  0.220352  0.211261  0.174509  0.170169
  0.183674  0.213358  0.240538  0.245156  0.223921  0.189300  0.158010  0.136882
  0.121114  0.108550  0.106024  0.122366  0.158325  0.196180  0.209243  0.190531
  0.160550  0.147267  0.162810  0.193729  0.213511  0.208870  0.190351  0.173945
  0.181022  0.202321  0.233174  0.250000  0.246725  0.219016  0.186761  0.138121
  0.118205  0.095525  0.078393  0.080753  0.104856  0.140940  0.171281  0.206699
  0.184441  0.154688  0.141742  0.152135  0.173044  0.185947  0.158277  0.151843
  0.158372  0.203958  0.216845  0.223033  0.219155  0.203279  0.182017  0.163615
  0.127720  0.110296  0.085749  0.068926  0.075042  0.098748  0.123396  0.136831
  0.157207  0.144759  0.136300  0.137587  0.141596  0.142009  0.141669  0.126545
  0.139694  0.159911  0.208927  0.209179  0.194021  0.175119  0.157615  0.143757
  0.113384  0.100878  0.084265  0.069805  0.070049  0.088519  0.111766  0.124116
  0.122454  0.134412  0.134710  0.148494  0.161796  0.156864  0.136995  0.105522
  0.110139  0.131307  0.166177  0.184899  0.214919  0.200916  0.183617  0.165139
  0.124651  0.104523  0.080746  0.059481  0.052236  0.065948  0.095678  0.126837
  0.145087  0.146367  0.139422  0.160745  0.170568  0.178176  0.168689  0.125534
  0.111530  0.115471  0.137327  0.167184  0.187210  0.195901  0.230430  0.227754
  0.214190  0.158592  0.122474  0.084940  0.056889  0.046317  0.055998  0.083569
  0.118415  0.143245  0.148559  0.142069  0.138577  0.166290  0.171300  0.165798
  0.127936  0.114881  0.118114  0.139653  0.147262  0.163688  0.180286  0.194561
  0.203877  0.201355  0.180355  0.144334  0.106019  0.077160  0.062367  0.063554
  0.083681  0.116496  0.141555  0.144198  0.131695  0.120867  0.120330  0.129281
  0.140684  0.143545  0.136048  0.130228  0.134653  0.142616  0.148512  0.164201
  0.178563  0.182934  0.175505  0.159682  0.140900  0.124028  0.110976  0.100565
  0.095694  0.105709  0.131736  0.157647  0.166878  0.158188  0.140174  0.125873
  0.129517  0.151055  0.170935  0.173456  0.162642  0.149448  0.155199  0.151686
  0.157341  0.161122  0.153664  0.135741  0.118493  0.113400  0.120956  0.129094
  0.124686  0.111522  0.108919  0.126771  0.153619  0.172053  0.173802  0.161370
  0.148670  0.152829  0.173632  0.191891  0.194175  0.183982  0.168672  0.157497
  0.150803  0.145986  0.137499  0.125579  0.113439  0.106892  0.112194  0.127579
  0.140631  0.138410  0.124247  0.116509  0.125417  0.142799  0.155281  0.157327
  0.153038  0.152463  0.162751  0.178712  0.188163  0.187159  0.179894  0.168840
  0.163546  0.164799  0.159862  0.143229  0.122568  0.109040  0.108365  0.119747
  0.137213  0.152991  0.159263  0.154181  0.146482  0.144565  0.146871  0.148102
  0.146876  0.146192  0.150502  0.160031  0.167751  0.168046  0.165327  0.164561
  0.163840  0.161595  0.186654  0.195765  0.178416  0.143059  0.109899  0.095762
  0.103566  0.125008  0.149593  0.166890  0.169800  0.161749  0.152832  0.148682
  0.148060  0.147657  0.146772  0.147808  0.150184  0.146795  0.134364  0.123029
  0.123889  0.137801  0.156189  0.192859  0.211017  0.200728  0.167207  0.128862
  0.106616  0.108796  0.128898  0.153286  0.168275  0.167518  0.155726  0.144362
  0.142344  0.148848  0.155610  0.156836  0.154351  0.150738  0.141499  0.122697
  0.103991  0.101100  0.120341  0.164675  0.188899  0.198661  0.193534  0.174492
  0.149182  0.131770  0.131171  0.145815  0.164606  0.172568  0.164181  0.147786
  0.135436  0.133695  0.141127  0.150234  0.153999  0.151374  0.143636  0.129293
  0.110141  0.098183  0.105873  0.132335  0.176193  0.182317  0.173162  0.159471
  0.145953  0.135040  0.131226  0.137971  0.155326  0.174418  0.178429  0.161271
  0.136467  0.118662  0.109657  0.106823  0.110343  0.119496  0.128907  0.127802
  0.109717  0.087695  0.085845  0.111731  0.149191  0.157831  0.158570  0.146668
  0.131500  0.120728  0.118058  0.124979  0.143059  0.170143  0.192698  0.193168
  0.170331  0.140912  0.117534  0.099650  0.086780  0.084325  0.096553  0.118383
  0.131177  0.119731  0.097341  0.092384  0.112256  0.140137  0.134606  0.138174
  0.137498  0.130393  0.119973  0.112325  0.112664  0.125534  0.148409  0.167513
  0.172817  0.169578  0.164978  0.155792  0.139128  0.122208  0.113872  0.118613
  0.135759  0.152613  0.152646  0.138106  0.126364  0.125285  0.129697  0.147257
  0.148235  0.149526  0.148748  0.144349  0.135435  0.122539  0.111410  0.106910
  0.107984  0.117713  0.142793  0.175159  0.192844  0.186411  0.168993  0.156044
  0.152160  0.157602  0.167904  0.171567  0.163977  0.153810  0.148601  0.147292
  0.167835  0.164520  0.157800  0.154029  0.154377  0.151667  0.137111  0.113199
  0.092311  0.083968  0.093532  0.122881  0.160757  0.184258  0.181716  0.165593
  0.153196  0.147934  0.148474  0.155193  0.162177  0.163082  0.160903  0.161309
  0.165167  0.170294  0.161118  0.145557  0.133161  0.128763  0.126832  0.117062
  0.099356  0.087216  0.090697  0.107689  0.132227  0.156645  0.168830  0.162950
  0.149950  0.144363  0.147662  0.155518  0.166931  0.178546  0.184226  0.181705
  0.175354  0.172171  0.152283  0.134183  0.112524  0.095123  0.086534  0.084806
  0.083150  0.079724  0.081412  0.093363  0.112164  0.131520  0.146803  0.154664
  0.155901  0.157538  0.165621  0.177105  0.184386  0.185208  0.183242  0.181022
  0.176832  0.170191  0.162967  0.091369  0.065486  0.054031  0.054733  0.061332
  0.071625  0.081546  0.089380  0.100089  0.113955  0.123457  0.125895  0.127429
  0.134088  0.144631  0.154590  0.162702  0.164954  0.151274  0.121030  0.092290
  0.085408  0.101370  0.119253  0.116145  0.080913  0.044352  0.022246  0.019756
  0.031816  0.051109  0.070424  0.087185  0.103754  0.119343  0.129719  0.135472
  0.140446  0.144156  0.144657  0.146111  0.154076  0.161544  0.151625  0.121387
  0.091248  0.083777  0.099879  0.117353  0.111861  0.073343  0.044581  0.030535
  0.031231  0.040573  0.055223  0.073699  0.094296  0.115675  0.134490  0.146428
  0.154659  0.165697  0.175752  0.176958  0.172234  0.169801  0.167778  0.155618
  0.131390  0.108171  0.100527  0.108565  0.115245  0.102910  0.074360  0.061446
  0.064460  0.073478  0.078519  0.081026  0.087644  0.100073  0.116290  0.132532
  0.143353  0.148655  0.153641  0.160234  0.167663  0.173735  0.172901  0.161780
  0.144130  0.127893  0.119519  0.120307  0.124290  0.119244  0.099061  0.107267
  0.110154  0.120516  0.127476  0.126533  0.121426  0.116271  0.110659  0.105546
  0.105721  0.111728  0.117752  0.118879  0.117437  0.121604  0.133078  0.140702
  0.135001  0.122147  0.115802  0.121111  0.132143  0.138571  0.132590  0.117554
  0.135153  0.146126  0.160543  0.168577  0.168812  0.161668  0.144559  0.117680
  0.089659  0.073532  0.073535  0.080286  0.083635  0.084369  0.089455  0.100325
  0.109430  0.109988  0.106519  0.108333  0.116812  0.127542  0.136399  0.138826
  0.135037  0.144332  0.154660  0.172478  0.185486  0.186613  0.172097  0.140124
  0.098241  0.062299  0.044532  0.044178  0.051436  0.059149  0.067151  0.076712
  0.085828  0.091199  0.093381  0.098108  0.107788  0.116904  0.123517  0.132595
  0.141928  0.144051  0.147197  0.147643  0.153880  0.160390  0.160899  0.146663
  0.113071  0.069449  0.035046  0.023679  0.033216  0.051402  0.067840  0.079163
  0.086852  0.091571  0.091994  0.090228  0.094000  0.106851  0.121269  0.131377
  0.140987  0.149883  0.151159  0.146415  0.143499  0.135241  0.129477  0.130462
  0.126195  0.102743  0.062647  0.025808  0.014162  0.031279  0.061882  0.089967
  0.109364  0.121155  0.127417  0.127761  0.122600  0.119229  0.125411  0.136082
  0.140857  0.140593  0.141716  0.144636  0.147761  0.153581  0.148003  0.140449
  0.140466  0.138450  0.117661  0.077410  0.037827  0.022510  0.036015  0.066576
  0.103520  0.137677  0.158646  0.163890  0.160014  0.154558  0.153822  0.159142
  0.160669  0.149651  0.134342  0.128895  0.135874  0.137726  0.142907  0.143979
  0.141369  0.140895  0.139158  0.124830  0.098019  0.074598  0.066730  0.070650
  0.082404  0.108600  0.146480  0.174674  0.178382  0.165482  0.153504  0.153457
  0.162459  0.165959  0.155397  0.140366  0.133013  0.133413  0.126169  0.116604
  0.111646  0.109199  0.110964  0.117442  0.121773  0.120620  0.119390  0.118583
  0.110479  0.099087  0.105072  0.135803  0.170137  0.185503  0.180322  0.167420
  0.160342  0.162372  0.163922  0.157461  0.148999  0.144122  0.137426  0.126775
  0.107036  0.102030  0.105871  0.110440  0.115816  0.122700  0.130303  0.139509
  0.146771  0.142907  0.130090  0.127724  0.147871  0.179445  0.203192  0.207289
  0.193654  0.177274  0.169081  0.164245  0.157855  0.155811  0.157487  0.149020
  0.128852  0.109566  0.114374  0.130800  0.139070  0.136676  0.132688  0.133246
  0.140078  0.150988  0.157588  0.154054  0.148201  0.153711  0.173895  0.197044
  0.205463  0.193715  0.174917  0.161229  0.152061  0.148353  0.155340  0.164202
  0.155446  0.130842  0.117920  0.127016  0.143596  0.149782  0.146463  0.144750
  0.148996  0.156559  0.165111  0.171293  0.167971  0.153811  0.140767  0.141829
  0.155673  0.169082  0.171222  0.161951  0.147242  0.134816  0.134472  0.148412
  0.160944  0.153487  0.135766  0.139834  0.152928  0.155941  0.144695  0.135847
  0.142618  0.160018  0.174688  0.179002  0.175332  0.167769  0.155785  0.140111
  0.126825  0.122845  0.128996  0.136943  0.137368  0.130992  0.127809  0.135826
  0.150126  0.155638  0.146257  0.138781  0.146499  0.158715  0.156514  0.141453
  0.133004  0.140038  0.151929  0.156573  0.151340  0.142304  0.138518  0.140984
  0.140395  0.130158  0.116197  0.109178  0.111190  0.116944  0.124681  0.137886
  0.155862  0.168334  0.164419  0.148275  0.128754  0.116509  0.115829  0.121973
  0.132394  0.144662  0.151648  0.145891  0.129952  0.113793  0.104922  0.107281
  0.119823  0.132681  0.134816  0.126388  0.117893  0.117329  0.123946  0.135110
  0.150678  0.168053  0.178734  0.173165  0.151896  0.105139  0.091335  0.091306
  0.105825  0.131148  0.154233  0.159466  0.142641  0.115582  0.093310  0.081033
  0.078905  0.088594  0.106304  0.119609  0.121130  0.118636  0.121762  0.128261
  0.132845  0.137051  0.143974  0.150316  0.146318  0.127831  0.081169  0.089619
  0.107305  0.123729  0.136959  0.145287  0.140621  0.121753  0.101050  0.087413
  0.077111  0.067750  0.065182  0.071795  0.080191  0.084247  0.088784  0.100245
  0.114656  0.122986  0.122334  0.117098  0.111194  0.101860  0.088296  0.091022
  0.111977  0.138720  0.152295  0.150003  0.139691  0.123404  0.104595  0.092107
  0.085738  0.078546  0.072565  0.073026  0.076296  0.077152  0.078407  0.085989
  0.100796  0.117742  0.128459  0.126556  0.114822  0.102558  0.093471  0.087175
  0.144510  0.160975  0.179140  0.182827  0.169291  0.148008  0.126038  0.108082
  0.096861  0.088475  0.080530  0.080621  0.093377  0.107526  0.109926  0.104199
  0.102838  0.109522  0.118900  0.124182  0.121515  0.116130  0.118459  0.128137
  0.136287  0.189889  0.196611  0.197533  0.185288  0.163326  0.141040  0.122734
  0.108542  0.098707  0.093176  0.092166  0.100654  0.122632  0.144686  0.145386
  0.126451  0.110151  0.106906  0.108287  0.106185  0.103931  0.112248  0.135720
  0.163294  0.181078  0.183139  0.181118  0.171768  0.151926  0.130226  0.116225
  0.106976  0.096901  0.091642  0.099143  0.116065  0.136709  0.161312  0.180569
  0.176255  0.150734  0.128683  0.122741  0.121955  0.115622  0.110307  0.119498
  0.143992  0.168803  0.181070  0.133573  0.124586  0.118416  0.109366  0.100379
  0.098581  0.099557  0.097095  0.098366  0.110774  0.127718  0.141624  0.155556
  0.170362  0.176347  0.169572  0.160772  0.156632  0.148681  0.130380  0.111625
  0.108331  0.122839  0.139647  0.142705  0.081791  0.109733  0.136067  0.150036
  0.150790  0.145385  0.141256  0.140776  0.140457  0.133426  0.117311  0.101483
  0.099976  0.116444  0.141856  0.167674  0.190454  0.201138  0.190033  0.163493
  0.135424  0.109570  0.085120  0.067669  0.065581  0.084967  0.091601  0.098021
  0.104566  0.108699  0.112491  0.125139  0.151782  0.183163  0.200411  0.192920
  0.170624  0.152437  0.145597  0.147898  0.163634  0.192915  0.211116  0.193632
  0.151889  0.113932  0.089304  0.075117  0.071539  0.076966  0.092645  0.083979
  0.081417  0.087751  0.094239  0.097074  0.109124  0.142032  0.185999  0.216935
  0.221815  0.211022  0.200589  0.192737  0.186439  0.191579  0.210723  0.221498
  0.204459  0.171133  0.142227  0.122471  0.109562  0.103075  0.099326  0.097920
  0.086449  0.091303  0.111724  0.127225  0.121334  0.106233  0.106394  0.127934
  0.156852  0.180052  0.196147  0.206240  0.208885  0.207897  0.211263  0.217420
  0.214143  0.196638  0.174218  0.155866  0.142952  0.134316  0.126421  0.114184
  0.108496  0.107307  0.116991  0.138541  0.156321  0.150222  0.122686  0.096907
  0.091134  0.106766  0.132982  0.154624  0.163412  0.165208  0.170734  0.181310
  0.187776  0.181123  0.161175  0.135714  0.114660  0.104639  0.105688  0.110929
  0.112114  0.108610  0.108472  0.113068  0.126701  0.144625  0.151360  0.140669
  0.123186  0.112225  0.114685  0.126147  0.131368  0.124607  0.120039  0.129180
  0.144934  0.153224  0.146422  0.125090  0.096814  0.074666  0.069353  0.080734
  0.097590  0.107345  0.087918  0.074339  0.071434  0.082629  0.105988  0.130862
  0.146257  0.148984  0.141903  0.131885  0.124014  0.114666  0.102196  0.096600
  0.104853  0.119143  0.125867  0.117910  0.098018  0.075786  0.063435  0.069080
  0.088459  0.104602  0.102998  0.084961  0.060777  0.055411  0.068276  0.094502
  0.124576  0.145582  0.148580  0.134576  0.113827  0.098414  0.091570  0.088545
  0.088182  0.094016  0.104217  0.108843  0.100876  0.085477  0.074633  0.077993
  0.097957  0.124067  0.134617  0.117201  0.113915  0.089830  0.081783  0.090287
  0.111307  0.133170  0.141045  0.128264  0.103812  0.086428  0.087510  0.100478
  0.110176  0.111039  0.110841  0.116077  0.121056  0.117606  0.108979  0.106646
  0.117958  0.140710  0.163028  0.167250  0.146148  0.147780  0.140774  0.136077
  0.136057  0.142818  0.148056  0.138328  0.112443  0.088957  0.089820  0.115505
  0.145095  0.159543  0.156794  0.147433  0.142083  0.142797  0.144882  0.145446
  0.146366  0.148952  0.152835  0.158073  0.160916  0.156391  0.153285  0.165209
  0.171358  0.170907  0.171436  0.172642  0.164243  0.145953  0.136776  0.152275
  0.181390  0.200548  0.200127  0.185865  0.166187  0.149588  0.143911  0.148313
  0.153997  0.152963  0.142011  0.127675  0.123037  0.130569  0.141680  0.168420
  0.175419  0.175230  0.168918  0.165540  0.168728  0.171183  0.170002  0.176989
  0.199918  0.224465  0.231015  0.217412  0.194056  0.169931  0.153402  0.150054
  0.152469  0.148769  0.137081  0.122641  0.114564  0.121713  0.140108  0.157095
  0.194602  0.187821  0.170494  0.149037  0.133715  0.129919  0.132437  0.135754
  0.146606  0.172461  0.203252  0.218988  0.211113  0.188333  0.166046  0.156646
  0.160492  0.162786  0.152066  0.135898  0.128211  0.134343  0.151764  0.173100
  0.189258  0.190814  0.175692  0.149859  0.123181  0.105220  0.098470  0.096677
  0.092460  0.090269  0.104040  0.136854  0.170464  0.182666  0.171425  0.153345
  0.143217  0.141839  0.140359  0.134006  0.128424  0.131559  0.144939  0.163658
  0.181040  0.191673  0.169561  0.148345  0.120454  0.098353  0.089081  0.087793
  0.084987  0.074389  0.060257  0.059596  0.084802  0.123410  0.148596  0.148555
  0.133214  0.117008  0.106918  0.103769  0.106510  0.113138  0.122889  0.137990
  0.157309  0.172976  0.177870  0.148372  0.127609  0.101279  0.081441  0.077653
  0.085654  0.093025  0.089290  0.075506  0.067889  0.082309  0.114079  0.141896
  0.149615  0.138191  0.120062  0.107134  0.104184  0.110385  0.121908  0.134966
  0.148619  0.160787  0.165748  0.160981  0.114041  0.109629  0.097114  0.083282
  0.083869  0.100445  0.117035  0.118229  0.106181  0.096603  0.101210  0.118828
  0.139742  0.153266  0.155032  0.149719  0.144273  0.141919  0.144472  0.152710
  0.162316  0.165323  0.156525  0.138186  0.121140  0.086865  0.096273  0.095208
  0.090224  0.102997  0.132789  0.153871  0.150923  0.134792  0.121004  0.113322
  0.111819  0.119201  0.133846  0.148893  0.159982  0.165895  0.167257  0.169327
  0.176578  0.182031  0.172073  0.143245  0.107990  0.086055  0.088585  0.091164
  0.089118  0.089045  0.111530  0.151608  0.177488  0.173703  0.153641  0.130820
  0.107957  0.092179  0.095309  0.115657  0.137193  0.148931  0.151436  0.149940
  0.151635  0.160737  0.170385  0.167371  0.147049  0.118012  0.095226  0.093069
  0.093263  0.096208  0.101685  0.119822  0.146427  0.161235  0.156724  0.144076
  0.130949  0.116903  0.107555  0.112226  0.126907  0.135855  0.132148  0.123360
  0.118642  0.120874  0.128514  0.137420  0.141936  0.137574  0.122954  0.104064
  0.101908  0.102125  0.107542  0.111815  0.115129  0.116378  0.114306  0.114333
  0.121724  0.132237  0.139302  0.144048  0.150069  0.153803  0.148204  0.135048
  0.125614  0.126039  0.129957  0.130597  0.130159  0.132884  0.135594  0.129196
  0.113526  0.128103  0.128517  0.126780  0.115789  0.098912  0.082092  0.074084
  0.083235  0.104912  0.124374  0.134345  0.139943  0.146295  0.150435  0.148400
  0.144195  0.146237  0.155010  0.160449  0.156573  0.150779  0.152181  0.156379
  0.151029  0.136894  0.153982  0.160133  0.149919  0.121593  0.090851  0.070971
  0.066922  0.077700  0.094183  0.104346  0.104190  0.101859  0.107193  0.119624
  0.132902  0.145290  0.158691  0.171651  0.177057  0.170886  0.161041  0.157517
  0.157261  0.152809  0.148937  0.134299  0.156947  0.158423  0.135353  0.109264
  0.097934  0.099851  0.104252  0.104554  0.099762  0.090599  0.083681  0.089122
  0.107654  0.129814  0.147688  0.161676  0.174648  0.182531  0.178934  0.166498
  0.151539  0.134232  0.117928  0.115824  0.095900  0.134518  0.160788  0.161983
  0.150475  0.142704  0.140279  0.134972  0.122786  0.105633  0.087180  0.076455
  0.084583  0.111178  0.141990  0.163976  0.177213  0.186628  0.190431  0.184477
  0.168575  0.143302  0.110403  0.080813  0.073023

*PERMI *ALL
  45.620717  77.402272  94.448391  48.257981  32.776511  24.285944  23.194529  13.694455
  11.189449  9.707454  9.889462  6.860694  7.984233  14.452727  28.500225  65.185047
  97.271113  105.046237  47.597218  24.276831  19.985048  30.712846  43.932716  45.860380
  43.993556  58.297650  76.750267  81.370602  58.755081  29.489970  18.171885  15.755153
  17.363214  22.201557  26.408166  30.100192  23.138929  17.751055  17.507160  21.287571
  36.106977  79.797474  142.718828  132.132015  78.195478  71.347897  72.116082  61.571275
  58.154443  57.532874  56.351526  62.341518  59.696623  36.297430  23.923135  17.555521
  21.758343  28.565247  51.114694  64.642697  76.901541  67.926880  47.790878  35.486193
  26.170259  28.970724  49.530247  138.124651  193.320195  142.662713  153.682585  144.282037
  93.191739  66.739862  63.080437  46.181403  49.757958  50.225588  35.441675  33.625686
  28.551020  34.026547  37.625012  54.857071  63.496273  62.966868  57.077422  40.017570
  32.498130  34.832795  30.236214  39.798857  80.272501  126.397785  112.865449  108.462881
  119.434337  99.331358  56.207208  54.933995  44.627192  49.603949  43.729370  26.201271
  17.812243  16.612320  21.064341  24.891245  24.323400  27.074309  28.384489  23.091147
  12.340243  10.015412  14.224481  20.196889  34.470509  44.616682  46.444600  43.142104
  47.353353  48.985624  56.229460  41.510432  43.540761  35.747191  42.456507  33.999648
  18.865023  10.350572  8.585784  10.430060  21.572554  15.284903  16.045923  15.239120
  11.726192  5.559744  3.654307  4.745457  9.497537  33.433675  36.713775  30.705437
  25.422363  21.473892  20.613771  26.455907  16.541646  16.535643  11.219943  20.615742
  19.402740  14.543429  10.857463  9.574184  13.354131  25.352452  12.777849  9.699824
  10.033094  11.898449  10.400825  8.909983  7.868456  11.246830  32.876755  37.863125
  34.264563  27.448234  15.573972  9.312345  11.334081  10.991307  10.689576  6.840174
  9.517774  7.387686  7.734039  8.739342  11.761362  20.597018  12.252496  7.225437
  3.808642  4.712202  9.531714  13.302659  15.159066  13.983301  17.122664  37.420985
  45.939221  46.667568  32.426093  15.580704  9.020075  7.112417  9.281393  9.010947
  6.804838  4.308324  5.170718  6.653276  12.329066  23.083013  18.746635  12.997967
  6.558673  2.992473  2.239310  3.622854  7.273188  14.219382  18.969830  24.354715
  31.754069  64.518711  58.760893  52.176179  39.191684  21.579901  25.658227  19.670422
  13.443065  17.029279  11.033664  8.895971  17.155607  28.637223  40.094875  29.045917
  26.078373  11.452133  4.220172  2.438363  2.919969  6.006684  13.370693  19.758653
  25.250564  29.667540  31.112257  55.547298  57.553883  57.654598  35.505243  39.136885
  31.974829  23.210936  34.935841  26.582918  18.524802  12.226681  11.344288  15.552209
  24.141107  25.316733  16.107644  9.313517  7.243162  9.907906  15.539885  22.494573
  24.628931  25.155372  26.633556  31.031820  33.609114  31.081196  28.159007  27.867609
  27.677379  27.707853  34.711814  48.739172  36.393597  16.118225  3.164495  0.934929
  1.672302  6.709902  14.813477  17.695848  18.717906  22.520197  26.824368  31.985501
  27.860784  21.740141  20.792965  20.199322  24.877240  24.397378  21.573982  17.405196
  22.404864  30.266208  40.388667  51.606462  53.725760  31.524404  8.713455  0.864884
  0.100346  0.324401  2.868072  11.408646  21.345684  30.321726  39.961882  38.374900
  32.255921  23.342160  19.968589  22.449688  24.023854  18.477872  14.192086  15.491268
  15.639039  19.970721  35.600777  58.753380  66.063693  32.856674  19.400400  9.280039
  3.677917  2.616824  4.085813  12.056653  25.346830  28.110243  28.105530  28.174962
  21.684392  23.731722  25.997540  27.321247  32.243740  27.052956  14.096392  9.078509
  13.720389  19.444788  23.173973  28.678576  33.937349  42.067812  29.794302  17.565956
  12.540067  10.358327  10.088120  14.207699  21.990081  25.236280  26.679287  16.964019
  10.495963  8.319839  13.693754  27.932557  33.275644  36.296689  23.751388  17.215300
  12.917078  14.168377  20.198646  26.980124  30.647322  32.756808  41.641236  28.502650
  15.312717  9.005712  6.773081  7.825529  11.084254  14.051175  19.753987  20.884262
  16.374259  11.551356  11.011718  13.712259  22.194291  26.101730  28.415668  21.092709
  17.720994  14.252632  17.160097  22.960865  27.638225  30.362150  29.918458  35.329132
  18.292191  15.256130  9.930090  8.040785  10.586901  11.680281  10.245638  13.589797
  17.281560  21.790091  21.825919  28.101430  26.390628  23.578680  20.901240  18.326914
  16.045512  16.880944  16.778372  23.254050  28.802407  23.771529  27.766580  25.809981
  19.860039  14.841678  15.897932  13.924006  15.259560  16.791039  14.304125  10.866491
  10.711592  12.461075  22.188122  33.319915  34.313804  27.953127  18.419026  13.788277
  9.667635  14.130012  22.977198  32.366343  35.236999  32.746951  24.073208  22.495911
  22.732226  15.447340  22.320696  20.668690  15.567952  14.446561  15.726543  10.833660
  10.609430  12.559880  13.977552  12.876493  13.393749  14.775331  13.213238  8.965814
  5.351179  3.861126  6.394041  15.314998  30.504117  32.407794  30.743279  26.501571
  22.771724  20.560023  17.500160  35.579796  36.189963  28.171648  20.116924  15.029831
  9.094463  8.514849  14.143012  20.131161  16.268413  16.538936  15.178049  12.886672
  11.775133  7.867679  6.012052  5.812124  9.684397  16.649595  17.671597  20.410008
  23.119716  26.898275  32.817214  30.718826  34.536245  42.149678  41.514552  30.687710
  20.646720  13.782173  12.409925  17.479193  27.233120  30.499823  31.647765  34.175033
  35.249034  31.631478  17.495124  14.465977  12.438709  14.845301  17.039420  19.829465
  24.994253  28.591608  31.442161  37.509504  32.443967  17.403627  18.958122  22.679243
  21.833848  21.492189  20.911821  22.211763  26.345270  29.750069  32.018837  30.282361
  34.734567  40.992877  35.102579  22.655464  20.876290  22.268947  21.724396  18.427006
  29.952305  39.618779  42.646122  43.573965  35.608031  19.674998  8.728980  8.085282
  8.757915  8.925639  13.554218  17.087987  15.927332  16.396984  16.168528  18.506809
  17.810175  22.403848  23.609323  23.377485  25.081732  23.874704  23.382803  17.349510
  17.433278  32.523912  45.146711  43.359105  29.277211  19.481169  11.352171  7.724026
  7.949995  9.173019  9.134963  12.826142  15.755559  13.312327  11.472712  9.160577
  9.746647  12.567610  13.185969  12.161031  15.760532  24.168186  35.939877  35.550534
  25.523252  23.695304  28.996373  35.766589  23.480298  17.482937  13.553282  8.979670
  15.031757  20.031294  27.048981  25.511913  26.860158  25.241545  16.238609  10.680006
  8.068147  6.034715  6.789954  6.016188  5.780361  10.422642  22.189828  47.670534
  47.564934  36.423321  27.868849  21.250156  20.469749  15.144988  18.625842  16.287478
  14.607374  54.134318  46.056804  75.654040  73.201397  80.608991  86.494374  102.948960
  68.950529  44.675985  33.783536  29.148202  44.849483  69.784429  85.217088  132.378638
  243.765908  343.805202  423.866095  205.160134  115.715283  92.904914  152.845860  107.103639
  92.568865  74.150883  108.371157  90.195717  85.068577  98.190391  164.412821  240.598871
  285.355149  229.428223  131.088410  73.534903  57.009429  54.462940  76.405871  75.501874
  92.458964  159.176636  294.736507  455.824266  420.848438  309.261012  259.696794  188.469864
  130.515151  125.801820  132.923415  135.713197  94.878514  70.388695  78.194012  166.889347
  307.130079  345.112861  285.294959  198.430161  173.200967  172.495268  157.697193  152.910210
  131.413614  136.761663  210.726506  313.872808  351.170486  391.594044  363.391187  259.713132
  222.535277  200.916724  210.496979  197.259913  115.512743  71.334684  55.790781  92.914395
  192.485455  277.966781  231.450716  216.349359  209.374658  192.855181  175.477388  175.056230
  179.418051  186.693158  163.658214  234.929467  343.907597  382.671656  381.204603  292.063820
  187.797514  176.080556  208.873827  228.465583  152.455700  81.363930  54.416345  60.234956
  110.640292  198.588132  257.135167  207.798680  201.085518  228.977297  202.611375  132.037800
  151.802226  178.413003  227.734313  268.527681  421.242172  473.575972  517.506395  390.674011
  187.884347  109.406559  105.626037  137.337246  161.008386  109.538696  105.929303  64.468271
  84.113483  114.547794  177.170184  263.924502  291.962381  296.739446  141.150094  96.085541
  55.603659  48.263131  53.374400  92.922907  169.492865  359.982980  607.831911  566.853499
  370.209861  125.997356  60.364275  55.744458  76.639594  67.194031  84.920874  97.274879
  148.052882  171.047205  125.175239  114.328935  194.480149  294.108483  302.872649  98.893041
  45.656342  19.048503  13.910251  20.579236  49.818595  101.699450  196.267826  342.968346
  371.276971  284.933925  143.838650  79.289723  55.675281  61.694327  64.932334  92.916967
  155.137280  262.598072  204.418154  119.368349  70.620047  78.650135  124.509742  89.019499
  44.949399  18.022036  12.338901  20.359473  38.417372  74.299867  122.626491  146.076929
  236.419855  308.986528  372.583641  333.596345  241.304537  168.290951  67.612323  67.561767
  101.738311  171.308960  185.838521  166.652238  80.405852  66.727987  76.708263  60.518077
  49.766929  19.477581  13.662320  21.126160  42.115199  70.537648  95.072794  121.160217
  124.117302  128.465890  294.103065  394.258833  442.953339  349.892436  131.814960  72.984179
  51.844080  92.603469  122.999004  147.788863  94.183525  86.834582  118.468354  161.568827
  114.438691  72.883226  35.524632  40.363463  50.123164  59.476358  60.254955  75.714213
  95.415090  72.853215  57.616009  75.809883  159.901297  214.717074  184.149141  49.306765
  30.039277  31.357664  68.987559  88.858753  107.490352  89.503912  90.478260  110.839477
  130.739614  166.650045  145.693501  110.979524  115.303819  112.018066  86.159148  57.017047
  54.920833  64.157053  44.347439  24.077164  27.307990  43.423803  47.978008  43.902988
  25.647353  20.645495  28.087656  58.791630  212.720752  206.501867  158.072257  128.970302
  96.636476  92.972010  108.152474  135.694710  140.660175  149.164533  141.545255  151.657937
  132.502379  113.724073  104.141457  83.825236  44.658427  33.801495  41.457985  41.161250
  43.612630  57.673240  75.634904  111.808430  150.563787  338.090616  334.549144  367.712224
  230.583026  127.766268  73.853294  72.004415  105.611082  152.778065  218.061598  190.888721
  172.312705  160.638139  138.184918  115.817445  87.037830  48.345735  41.659748  44.515859
  53.234478  61.370925  119.862774  179.540892  268.778191  295.437294  185.359880  237.758599
  303.690143  211.528964  129.119068  88.528263  93.287080  143.629066  207.556201  247.257083
  218.634058  170.400756  146.150588  129.746219  95.251197  75.815506  52.311582  48.227335
  61.050790  75.152002  85.680036  126.214530  171.236009  222.780118  232.862274  80.612932
  102.509551  143.483839  125.245188  101.252285  87.944611  78.402424  96.561204  154.706817
  224.906151  249.462764  202.132088  185.200779  176.505025  132.833738  90.083805  63.394464
  58.520638  54.214777  70.196676  104.214421  141.597196  186.048732  166.736361  123.013204
  79.591832  85.472832  132.344097  133.078072  122.940693  90.996252  52.036394  47.468861
  79.526512  184.345413  286.139029  267.086576  253.613471  242.993168  218.208625  157.428466
  107.550300  87.716798  60.565637  76.292397  104.582491  159.169553  220.578056  175.991380
  118.461578  124.556811  134.725498  151.426297  143.058628  139.422985  79.064477  44.733747
  41.092549  90.209868  237.293320  314.436533  423.342139  400.499982  275.762790  229.763670
  199.331658  124.723765  76.026351  46.936515  59.522436  74.920617  109.207224  116.275746
  94.587279  85.852092  131.059700  146.976269  123.952566  85.805397  68.608723  38.658054
  35.411078  44.720931  108.148275  251.393382  370.200282  415.519845  346.284530  196.673751
  113.740907  82.749836  52.898746  38.278431  33.647283  41.466957  58.716890  67.218697
  53.678468  70.428338  94.492150  194.487807  145.625275  86.054287  63.801305  49.342034
  40.470540  51.959199  83.837968  133.633657  170.096297  214.019738  181.389738  128.992241
  65.073057  31.067082  17.866950  15.516900  23.977108  47.245934  59.294165  64.607340
  65.029872  58.805846  104.180984  171.545348  249.022062  183.989922  142.192874  107.142879
  74.134223  56.236488  89.027703  155.306989  187.445730  164.886705  116.330808  57.427496
  20.979853  7.555095  4.062648  3.568068  8.724304  25.413900  50.883444  52.238707
  59.898904  64.821126  69.041510  128.179752  201.081840  194.817436  180.677859  147.091410
  130.016100  99.964681  86.803841  94.617035  128.131590  140.008465  129.912156  64.122279
  23.781832  10.194154  8.908923  9.970616  11.937422  19.431783  30.859060  43.124592
  50.965773  65.569051  71.532487  65.886962  98.212170  150.729927  109.240541  109.295767
  77.405369  67.165141  72.546119  99.973824  126.258300  127.498781  81.319447  61.037728
  44.990357  36.211328  42.091106  56.436455  52.552081  60.018030  52.362466  45.311157
  52.519610  86.528430  101.245948  90.048868  74.571423  72.854597  88.492656  63.234443
  63.808219  52.485547  38.184619  37.278145  55.625957  94.420697  107.017660  53.784872
  34.014491  45.578691  63.324476  73.419752  91.521821  99.712319  109.598116  101.335057
  68.745056  61.973221  81.152487  82.232589  55.777282  40.428259  34.852462  43.471858
  16.876357  19.014142  23.543016  25.240215  25.223234  30.562782  43.557811  43.730711
  26.538111  30.501324  50.822714  81.904084  107.476661  103.246424  106.984645  136.633345
  182.402201  144.616884  77.023348  67.276179  57.742839  49.821952  35.462610  20.445188
  17.005129  11.157034  11.111622  20.523093  35.058555  42.148740  42.448801  31.234664
  18.071024  13.922078  18.303200  28.702800  57.048228  95.868075  93.881573  124.769195
  167.928551  210.960273  226.648768  146.434677  108.253648  83.519137  72.015837  46.592014
  33.604962  19.384060  192.076917  103.080276  40.548616  9.022942  6.419223  7.528273
  15.967807  23.434694  26.051738  37.727961  58.259651  92.511033  136.083864  168.891677
  215.632698  224.029422  327.728838  499.733842  296.833265  242.635767  129.895305  174.838776
  193.300811  266.235408  274.585086  252.727952  156.611258  63.870322  25.732631  19.308763
  29.154239  43.191065  46.210671  37.082688  52.565192  100.891191  133.229066  148.139938
  193.939595  306.010905  325.818014  266.546312  285.948162  260.940816  209.862283  170.694104
  133.633332  203.210675  307.160190  307.410208  302.533204  236.779765  145.344582  124.018471
  124.969571  129.548106  143.524469  91.836068  55.955668  56.019641  88.454658  118.890340
  106.425299  135.546209  218.460750  298.160545  265.166978  193.793793  101.337907  73.341772
  84.173762  152.760202  306.964542  393.221108  295.449915  336.946309  250.767853  254.083855
  284.370699  307.719280  350.241500  328.608215  154.666997  83.538328  64.346131  62.564152
  65.146012  51.198908  60.510535  122.789866  237.359950  279.773677  156.397202  83.066796
  60.388433  102.240248  263.170185  510.856249  469.289659  328.895309  222.078147  199.614740
  322.250538  525.363201  675.764569  663.040000  509.940721  255.704738  130.308013  71.753226
  58.815475  36.209174  36.055008  54.639167  125.558725  270.413753  377.044613  260.381784
  153.775541  107.313015  140.232345  215.717618  382.464932  352.672672  247.047570  221.480959
  262.140958  420.774420  623.389818  646.577209  655.297742  464.153632  265.618028  75.232573
  40.331073  27.336787  13.594157  14.940428  29.230741  83.254979  216.079235  362.132761
  239.130958  130.603680  94.403008  115.015829  175.869117  262.727182  153.992131  129.956778
  169.794004  422.451227  548.164357  510.395647  341.174285  297.317488  242.420659  160.196409
  56.261732  34.935972  22.195409  10.745162  9.857602  20.424893  54.624809  94.177320
  128.160427  99.307760  87.403146  77.436443  73.169481  97.573359  116.008330  78.412451
  91.766614  161.223834  439.108071  421.398879  287.039722  147.523064  108.613305  94.107786
  46.412988  30.156890  17.943261  9.872677  9.305402  16.287078  36.639297  60.032296
  58.508377  74.261720  81.701111  136.145972  152.544903  96.476372  72.526294  35.808324
  38.719655  61.499116  166.791231  255.986522  361.025756  244.068023  174.499365  129.055641
  63.712537  35.992432  15.817988  5.760103  3.148638  7.034924  26.012923  60.491784
  104.358047  118.247976  96.582355  142.342426  191.155206  227.931756  159.817137  59.031075
  43.118463  41.079987  63.162146  166.982004  251.730832  291.023363  519.503108  469.584225
  332.458263  130.291849  50.397669  17.068819  4.936624  2.814589  5.211060  19.789896
  57.393908  113.693919  128.508214  95.176853  84.690638  128.326565  135.900834  139.415739
  57.038155  40.373551  40.918410  82.701955  96.007897  118.184659  212.135226  313.176279
  363.395695  334.024497  201.532620  88.916285  33.492111  10.775614  6.624353  8.433103
  17.809621  45.343918  93.933380  107.208435  79.894108  53.319319  47.963573  51.293025
  72.526158  79.474899  68.355671  60.133901  74.239293  78.106339  84.324024  159.379090
  198.065127  217.232765  208.006859  146.417362  95.628232  68.345014  43.455787  26.135674
  25.848031  32.885831  55.967072  101.775652  130.842880  143.934752  85.459966  59.095997
  60.356349  96.441031  154.275028  162.976292  123.156824  108.497318  93.522212  112.244989
  177.624851  171.781064  124.392568  89.794814  56.390564  45.557672  51.458130  67.425066
  56.387079  40.500723  39.078266  61.346773  115.348848  156.686860  190.949951  138.932922
  112.732200  128.464140  158.387831  277.833238  285.891948  181.096725  132.175802  125.564380
  115.569719  129.619635  85.579089  62.306324  47.264973  35.333991  37.791254  56.457613
  89.110192  72.533224  48.291278  45.945994  57.525492  98.119470  130.883548  127.217201
  125.199902  114.378833  136.736884  190.533184  267.131948  250.085576  197.906074  161.876519
  134.524020  114.772354  112.241263  88.857212  52.908731  36.352252  29.446582  41.446854
  66.035072  104.117506  119.888180  94.819892  103.672266  105.780929  106.234938  106.365096
  108.709013  121.206468  126.414944  130.604949  146.951527  151.997311  148.836938  131.265449
  141.441453  157.818136  229.451665  242.200876  205.869133  100.257434  39.480713  18.897220
  28.427449  61.501335  105.104714  136.514981  146.001103  161.908401  141.610762  117.620839
  102.713295  112.563568  138.947431  135.049232  124.378281  95.367838  75.495056  55.884094
  56.696449  86.107444  133.445268  289.565270  333.534394  332.305882  161.993986  63.001762
  34.080676  37.501424  68.867205  116.176086  176.594852  151.873056  128.141112  116.088424
  96.929690  89.818912  131.414737  178.227262  136.031195  110.792293  92.084025  65.688823
  32.426356  27.049639  47.977861  154.366293  250.701540  277.731026  266.734489  179.440857
  100.025473  81.329177  84.865733  109.522033  119.240978  164.915632  128.065149  104.991811
  89.739796  71.257464  75.850266  107.422796  139.120247  116.623776  100.939090  65.525643
  36.678212  26.844460  33.121314  67.153706  223.144348  221.271334  213.158805  150.074697
  112.456333  79.804593  84.601639  92.068992  109.761825  154.367633  171.754538  130.836690
  71.579391  45.845528  42.281499  42.474733  44.845869  59.212195  63.547460  65.975525
  43.332332  17.235597  18.438612  37.770549  111.891595  140.698113  153.017575  111.059880
  76.075177  59.350845  52.261121  66.126036  94.101873  158.321593  258.742764  226.138322
  151.649138  71.706391  46.936434  34.732010  20.798331  20.037931  28.649318  49.276872
  66.540680  53.873184  26.226579  24.252167  41.552909  88.050920  69.377175  82.182009
  69.934075  55.289387  49.102631  42.965112  42.626840  59.027688  120.450073  189.100282
  135.828737  117.055420  110.669689  117.375816  70.401189  47.502856  47.693779  56.832140
  84.732413  143.002004  135.512232  91.665021  69.237798  59.482275  57.952833  89.061459
  89.013142  78.984594  102.254951  104.939641  85.381370  47.328750  42.476586  38.318164
  29.500081  34.684934  65.589834  130.748974  205.528349  182.159903  138.711023  126.498655
  110.270823  116.765870  165.089292  196.659068  164.427596  134.523375  119.959421  108.229716
  147.587031  137.788718  137.169699  158.739877  145.961174  149.160376  84.746563  41.741734
  18.221239  11.678911  19.023710  58.452153  154.752722  238.779755  200.744301  154.877114
  130.764053  102.424183  95.687910  110.250326  136.217717  170.474836  189.835797  157.369499
  151.051079  193.765719  146.971195  116.744264  96.728799  79.712441  78.287142  55.428715
  31.347965  19.062231  15.853157  31.596017  69.714373  141.770036  198.585340  143.850070
  102.734452  105.245068  96.547804  110.157569  113.444988  139.626017  236.248054  245.386333
  197.872274  210.462113  132.831797  74.598600  46.110846  24.661157  19.653703  16.681823
  14.201495  15.430567  17.186489  22.642980  38.828332  65.135496  109.105056  122.776202
  104.679830  109.574336  154.011465  214.567981  245.191633  227.672495  165.917090  214.455726
  226.505786  222.825656  196.319952  22.825015  6.160820  3.502556  4.962414  6.623791
  9.963971  14.532713  23.120500  29.455519  35.928109  42.733463  51.068602  78.383241
  87.494709  91.094212  104.481668  142.703464  175.078995  124.842704  54.078938  23.012209
  16.476901  31.003581  52.742390  43.464799  13.301539  1.596248  0.260084  0.198997
  0.877028  3.641573  10.026107  21.878699  32.928834  44.910094  49.128553  57.489442
  97.045321  100.044496  96.443035  98.868708  124.180045  155.263460  115.288973  46.241738
  25.606978  20.658766  37.363197  56.130903  36.224147  8.984713  1.727476  0.638837
  0.732175  1.704778  4.878941  11.058521  25.358785  41.772570  70.499954  97.811273
  140.078078  145.402042  161.295130  191.995821  204.388363  201.607065  172.228642  121.207314
  57.796574  39.138446  39.669969  47.008152  44.276732  26.986224  9.350447  5.055931
  5.195626  10.336570  13.009575  13.335872  19.616993  33.068799  50.969102  71.414123
  105.351084  104.372108  99.118477  139.986545  180.438954  216.071619  212.683895  157.178598
  108.112087  65.693372  59.347691  60.025485  63.185222  43.426234  20.854977  25.635306
  27.941469  39.485907  60.400271  59.034541  51.774221  49.223572  36.745900  37.516507
  33.869361  40.510575  38.399300  43.827749  61.949126  71.688517  92.006306  116.176123
  98.578601  67.020794  57.993772  72.303951  84.274530  91.000713  61.051372  38.387682
  54.636229  70.839983  153.565637  180.092360  164.579488  150.376252  121.316759  50.890928
  19.220331  8.546108  8.260070  10.550543  18.035282  19.707620  21.453275  31.767625
  46.175260  44.004146  41.901341  43.921280  47.189276  68.125319  87.510212  83.435397
  68.632705  85.761059  113.573290  221.207672  234.180562  196.069092  184.713935  105.465758
  34.075138  6.492152  1.642335  1.562226  2.737653  7.005530  9.504222  13.491428
  18.271827  22.376480  22.626058  29.980377  36.593255  43.726391  67.165203  85.794624
  96.855406  102.684612  92.954857  90.157865  98.762670  106.719718  136.860641  118.210269
  44.295894  8.777473  1.024715  0.300225  0.960496  3.776273  10.601591  17.843576
  23.249278  22.620014  25.752990  22.782147  23.882481  28.518085  54.376731  89.874763
  120.336964  121.884308  128.560649  98.875323  86.410951  56.567354  51.382051  70.800628
  68.254747  34.476154  6.795061  0.466949  0.088806  0.947889  7.448490  23.936200
  45.171302  52.028187  50.455997  63.873648  54.825450  44.268623  48.340762  84.128684
  95.063741  107.631044  108.683671  106.242564  118.965442  145.137035  104.993991  84.496835
  86.749450  84.513686  50.409642  14.326138  1.408165  0.318820  1.127567  7.544012
  28.141549  68.485322  116.791452  136.520797  123.950863  91.746656  84.142246  94.729350
  137.947216  92.147512  64.614943  71.052951  77.864887  95.989537  117.599923  109.183885
  109.607549  91.754524  91.807729  66.704293  30.501687  11.587719  8.092746  9.360176
  14.280419  33.036486  93.298423  187.896355  222.315211  137.307757  90.123991  85.788151
  108.841136  135.975928  106.421922  61.949566  78.196641  87.661558  68.034184  59.786154
  50.633515  45.117083  49.625306  53.903310  53.180417  54.588749  52.222061  43.648365
  41.310784  27.414166  26.761404  79.737195  204.498171  226.869232  160.708636  157.826402
  112.875538  119.724851  144.283994  107.015579  75.608352  95.081707  100.769939  80.377966
  50.458260  39.576008  42.614822  44.852259  44.058106  50.968213  72.928596  89.944431
  92.095198  81.960714  66.688018  62.376922  123.722977  202.707131  287.946038  344.856841
  331.803959  209.439173  172.397968  160.879766  109.588695  93.446538  142.239328  137.842402
  90.124792  52.404188  52.862664  81.168483  77.398666  59.903806  56.677838  87.646906
  111.911861  132.447185  125.798318  134.182278  120.518610  128.551011  160.669968  301.601809
  337.970907  238.401016  157.027643  160.960888  130.679932  119.591136  148.137178  183.868212
  155.311511  74.026772  50.424840  54.455960  86.227740  100.632237  71.387450  68.635717
  117.588917  135.760432  155.913539  138.495644  170.784060  140.101755  86.238157  75.699192
  137.673659  176.118314  140.041565  114.490440  102.265244  70.795789  85.150541  125.893804
  135.754777  126.554763  61.503978  90.470916  122.017296  107.330239  95.583217  73.974367
  100.445999  135.890224  152.350316  181.199969  159.099357  164.022621  145.954989  91.942289
  60.919623  65.557304  79.264398  78.876600  75.154831  69.181380  55.408192  90.691500
  119.473036  105.928278  82.939214  61.469376  92.918853  148.235889  141.179541  104.525182
  75.153385  99.817235  114.236259  98.710382  106.776892  88.682785  77.635287  106.660428
  112.584857  86.207926  54.381955  43.374561  43.600439  49.957031  64.899132  78.766287
  125.324698  153.750951  153.556233  91.496520  57.072617  46.595438  51.113182  55.449215
  72.281563  86.360446  120.882678  109.435307  76.644603  48.852628  33.274686  31.022947
  51.298695  90.037736  94.139914  63.320965  41.307371  50.683337  60.708593  85.275258
  112.544068  151.355919  209.136868  194.468801  102.062721  29.745713  19.583772  19.814027
  32.004984  69.542573  110.301998  126.581205  103.865058  58.990927  29.518205  16.774409
  11.869255  17.653827  36.771508  52.529538  56.038019  47.679780  57.394852  67.307603
  76.584532  71.603733  95.780825  135.131836  122.041210  65.732860  13.900004  18.298950
  35.324531  62.452687  76.121758  108.696845  106.410600  70.917734  38.521379  21.935594
  12.968853  6.345728  5.652985  8.267474  12.268458  17.295367  19.564685  26.638768
  43.942918  55.702585  45.014292  42.952234  44.992567  32.157570  19.686739  19.536523
  31.991233  59.567421  111.612939  104.402603  109.597928  74.327095  41.231757  29.798060
  23.031749  15.062514  7.518775  7.502149  8.616244  10.349525  11.801733  16.969163
  32.488634  57.361205  69.728796  56.446507  43.093393  26.838874  21.700758  21.061525
  82.402308  109.774087  141.228514  170.612376  153.808218  106.597531  66.871730  45.108250
  32.305005  22.642948  16.513238  12.951965  18.749580  33.101299  39.058133  28.564428
  32.768856  40.335889  49.717311  56.411647  54.068230  45.831411  40.877650  64.636003
  80.870799  208.519986  222.355002  198.127075  158.639952  113.348222  84.775396  54.345699
  39.890954  31.411601  22.930732  18.695196  26.571384  57.666016  98.106564  89.481307
  54.306022  39.664049  36.408270  30.935811  35.360003  43.665737  55.628913  87.752667
  150.135247  203.880381  227.020873  174.041622  122.294999  80.706308  54.260406  55.215601
  39.612573  27.346168  24.224822  27.193236  35.451636  73.472232  153.164604  191.724405
  152.351584  98.273862  59.216798  44.542106  43.148691  41.781654  41.412370  68.697533
  113.663947  157.967423  211.540050  93.346997  55.528022  35.366094  34.417437  30.744833
  29.720336  26.537282  26.517025  28.935142  37.631020  49.914913  80.783113  142.657359
  177.214383  159.019965  131.727856  132.093304  133.497016  108.682122  74.818719  37.033722
  35.857440  56.152127  86.276526  106.889437  16.205946  38.487453  68.966414  96.346062
  132.555046  119.362312  106.742755  104.013643  103.404625  84.120500  59.586058  35.563462
  30.809855  43.313613  77.604644  126.245516  213.981219  282.015280  237.501797  133.985131
  71.319905  36.533734  17.189342  8.320649  9.555111  13.031923  19.081147  25.638663
  32.709580  38.061801  51.607228  70.580965  125.506512  188.703280  248.352228  208.494658
  165.092144  135.696029  98.590986  80.864994  133.564321  236.719946  287.608396  214.268391
  99.196369  48.948728  25.039494  13.582096  9.633235  10.585790  16.572381  16.567543
  18.310946  22.783119  24.632992  29.614272  42.871994  97.837641  210.778922  310.649383
  362.837083  435.498161  373.444579  283.075774  223.796144  280.692710  398.833273  490.459770
  325.761985  148.140646  100.569694  57.535575  39.305817  34.773214  23.377960  29.539726
  21.621203  29.009263  44.910562  64.916321  56.308337  32.429314  31.477625  59.977227
  107.505788  195.657388  279.539537  305.399442  301.329535  275.483932  358.440258  435.983978
  411.955520  241.790925  174.287021  122.389148  76.045319  70.182998  79.246869  58.315827
  39.631567  41.695607  53.010183  78.862385  119.344711  104.532421  50.182962  21.541619
  16.929682  25.249373  55.943614  95.291268  126.451407  137.357042  120.756300  180.090229
  257.524373  209.225518  111.450803  75.855480  41.274748  30.372240  35.307498  41.091037
  45.336059  37.522050  40.213452  43.969927  55.389215  104.616292  136.943831  104.084991
  53.771190  37.681218  34.121723  50.928440  76.499479  72.134879  64.888253  61.986305
  94.944401  131.537468  96.855844  57.634077  28.740006  10.000357  9.033134  16.227651
  20.032139  29.925406  20.850248  10.165270  9.264073  14.143381  37.794892  89.947132
  110.253457  112.274615  92.801630  73.357229  55.021944  50.713349  30.354920  26.648526
  31.192807  44.075647  66.906257  49.469292  28.619361  12.227197  5.024059  9.256719
  22.010724  31.992259  34.799401  21.086083  5.601146  3.747710  7.365363  26.902492
  77.673252  109.409309  95.496057  60.603858  52.999437  32.433348  22.765786  15.748271
  16.835728  21.627910  30.035836  44.759483  39.064498  20.972420  11.549635  9.968063
  28.382486  73.659696  80.409981  59.080632  43.635241  19.225190  13.639067  17.448875
  44.716860  99.259126  108.354811  57.348237  23.398912  19.106955  20.649659  30.186414
  33.892293  29.605139  36.071455  46.747330  65.752357  72.914626  48.955071  33.802038
  34.920813  80.889489  181.633917  177.148252  98.173995  73.850627  80.276380  88.285774
  100.736303  103.659165  127.490403  94.142238  34.342049  16.029767  20.132428  45.715096
  86.007836  95.166460  92.843894  106.891525  91.604591  112.042920  126.536789  112.750458
  92.821675  93.172554  126.109499  153.880484  158.339980  93.034060  96.941422  154.818598
  178.990949  206.359348  183.117947  177.452605  134.141267  81.964727  67.792598  104.647413
  208.961101  229.434326  207.373720  209.657068  170.833619  93.412505  97.923084  116.649520
  121.918261  99.258468  83.718969  66.494788  55.561813  70.842786  72.983414  127.216164
  210.695463  208.022380  184.445169  143.352967  161.331403  145.617794  136.219442  173.541018
  318.015072  440.947086  453.042560  413.550453  294.525924  190.102934  121.413697  114.023097
  119.324619  90.230729  58.581013  50.165015  45.288743  56.390245  76.157209  95.656067
  197.169760  237.493310  166.791726  104.772100  73.796273  87.735145  74.094867  66.109796
  92.877248  167.968729  290.832267  428.789895  407.583996  280.981734  190.355150  121.086916
  141.082007  161.000533  122.019395  67.078017  61.543033  90.818750  136.809041  186.408444
  240.880907  207.094992  168.251914  99.360430  51.683586  32.116406  28.704428  26.006846
  20.869749  18.303013  27.591621  74.437985  176.253891  212.210033  203.056139  160.369148
  94.821323  91.645315  91.305908  83.592803  65.265785  78.456090  115.483144  169.916299
  204.544014  255.958206  185.420115  100.062451  43.201724  27.190403  19.537563  16.066953
  16.015264  13.123702  7.635380  5.811737  14.886252  56.828780  110.034385  129.221320
  95.657713  58.362498  40.313120  37.173296  37.204335  43.007941  59.490113  84.688782
  138.500617  197.164217  218.287519  112.330007  73.133316  27.961603  12.840359  13.309285
  16.355196  20.605628  21.119088  14.985234  8.472762  13.167940  46.018304  99.294591
  112.900689  83.682767  51.787164  34.986951  36.058535  41.348420  56.306376  74.778466
  77.605515  103.959923  149.819078  145.353326  40.934976  45.185625  28.378842  15.182132
  21.498095  30.188383  46.586924  49.527319  32.991679  22.745617  24.188517  51.600521
  97.945565  109.372503  111.591230  104.365040  89.689864  91.103244  107.298647  131.916589
  167.484420  131.995845  89.224828  65.758288  47.954543  19.529271  30.028890  27.501103
  22.292361  38.967758  73.309149  150.252328  141.698162  64.073968  41.984113  37.598365
  40.746852  58.484887  72.628623  107.008304  158.231824  163.089262  148.506473  156.268543
  191.072935  194.383945  177.302172  89.452479  36.436697  16.001948  19.055215  22.717193
  20.031065  20.385856  42.896085  120.547488  255.647827  237.000119  127.883760  76.135912
  44.105221  26.358407  27.475267  50.993367  79.108114  117.696788  130.848746  107.788629
  102.872486  136.124483  172.514449  184.473328  120.586741  54.524607  22.408817  21.922533
  24.937211  29.229700  35.599568  47.187017  94.812333  148.389958  140.445918  114.160175
  88.349602  60.362915  39.878310  41.851459  57.017267  72.781680  71.749701  62.293840
  49.039778  56.843684  70.675698  94.145311  104.889790  89.796708  61.684615  32.687145
  29.574776  32.913848  44.251244  44.858767  34.824185  41.946914  40.352363  37.012029
  52.761593  78.938106  75.348248  78.086699  104.618568  115.251552  109.463160  63.460425
  46.547037  60.690107  86.306997  85.984487  71.313792  73.761712  71.701133  59.959179
  42.518533  64.038027  55.716813  57.178871  41.112634  26.134013  14.901910  11.044157
  14.919598  30.177550  55.620514  68.853049  77.703010  86.345990  117.039342  104.504052
  78.665541  92.656862  153.624568  158.728648  137.186954  126.253349  112.201715  139.779729
  127.782581  81.821544  158.503842  145.578792  90.921624  46.896699  21.235479  8.113567
  8.531874  15.170873  24.053331  34.272032  36.666061  31.108919  36.532343  56.105606
  67.119184  96.530390  161.838364  238.712623  188.034321  124.832263  120.766624  132.037417
  143.665498  126.863920  125.232176  103.946652  158.522801  148.054491  89.789300  42.052325
  22.035174  31.231125  43.164940  46.007182  32.256581  23.986054  18.947025  21.418980
  35.312453  67.271044  117.614101  166.573143  224.031021  221.280275  158.102491  142.865983
  128.448287  86.056635  58.595908  63.402500  28.313355  86.783322  144.185645  140.412810
  127.959744  100.111782  105.495150  100.744908  83.690239  40.580786  23.691435  14.832493
  19.026689  43.907040  85.901337  151.005452  198.171552  245.311570  268.683087  209.328202
  177.401239  106.085111  44.703322  17.481727  14.078153

PERMJ  EQUALSI
PERMK  EQUALSI * 0.1
*CPOR  4.0E-06
*PRPOR  3550.0

**---------------------------- FLUID COMPONENT DATA --------------------
*MODEL   *PR
*NC    2    2
*TRES       200.000
*PVC3  1.2000000E+00
*COMPNAME
           'CO2'          'C1'
*SG         8.1800000E-01  3.0000000E-01
*TB        -1.0921000E+02 -2.5861000E+02
*PCRIT      7.2800000E+01  4.5400000E+01
*VCRIT      9.4000000E-02  9.9000000E-02
*TCRIT      3.0420000E+02  1.9060000E+02
*AC         2.2500000E-01  8.0000000E-03
*MW         4.4010000E+01  1.6043000E+01
*HCFLAG     0              0
*BIN
            1.0300000E-01
*VSHIFT     0.0000000E+00  0.0000000E+00
*VISCOR *HZYT
*MIXVC      1.0000000E+00
*VISVC      9.4000000E-02  9.9000000E-02
*VISCOEFF   1.0230000E-01  2.3364000E-02  5.8533000E-02 -4.0758000E-02
            9.3324000E-03
*OMEGA      4.5723553E-01  4.5723553E-01
*OMEGB      7.7796074E-02  7.7796074E-02
*PCHOR      7.8000000E+01  7.7000000E+01

*SOLUBILITY  

*HENRY-CORR-CO2        ** Use Harvey's correlation for Hen Law const.

*TRACE-COMP 2


**---------------------------- ROCK FLUID -------------------------------
** AUTO-GENERATED: 5 Geological Rock Types with HYSKRG for CO2 Storage
** HYSKRG = Land's trapping coefficient for gas hysteresis
** Capillary pressure: drainage & imbibition curves meet at Swcon/Sgcrit
** Imbibition Pcow diverges below drainage as Sw increases (hysteresis loop)

*ROCKFLUID

**==============================================================================
** ROCK TYPE 1: High Quality Reservoir (Channel Sand)
** HYSKRG = 0.12
**==============================================================================
*RPT 1
*HYSKRG 0.12

*SGT
** Sg        krg       krog    Pcog(kPa) Pcogi(kPa)
      0.005     0.0       0.0     0.0       0.0
      0.04      0.005     0.0     2.25      1.12
      0.08      0.015     0.0     3.05      1.53
      0.12      0.03      0.0     3.62      1.81
      0.16      0.048     0.0     4.08      2.04
      0.2       0.07      0.0     4.47      2.24
      0.24      0.095     0.0     4.82      2.41
      0.28      0.123     0.0     5.13      2.57
      0.32      0.155     0.0     5.42      2.71
      0.36      0.19      0.0     5.68      2.84
      0.4       0.228     0.0     5.93      2.96
      0.44      0.27      0.0     6.16      3.08
      0.48      0.315     0.0     6.38      3.19
      0.52      0.363     0.0     6.59      3.3
      0.56      0.415     0.0     6.79      3.4
      0.6       0.47      0.0     6.99      3.49
      0.64      0.528     0.0     7.17      3.59
      0.68      0.59      0.0     7.35      3.67
      0.72      0.654     0.0     7.52      3.76
      0.76      0.72      0.0     7.68      3.84
      0.8       0.788     0.0     7.84      3.92
      0.84      0.858     0.0     8.0       4.0

*SWT
** Sw        krw       krow    Pcow(kPa) Pcowi(kPa)
      0.16      0.0       0.0     6.0       6.0
      0.2       0.003     0.0     5.88      5.74
      0.24      0.015     0.0     5.76      5.49
      0.28      0.03      0.0     5.64      5.23
      0.32      0.048     0.0     5.51      4.98
      0.36      0.07      0.0     5.38      4.73
      0.4       0.095     0.0     5.24      4.49
      0.44      0.125     0.0     5.1       4.24
      0.48      0.158     0.0     4.95      4.0
      0.52      0.195     0.0     4.79      3.76
      0.56      0.236     0.0     4.62      3.52
      0.6       0.282     0.0     4.45      3.28
      0.64      0.333     0.0     4.26      3.04
      0.68      0.39      0.0     4.06      2.8
      0.72      0.453     0.0     3.85      2.56
      0.76      0.522     0.0     3.61      2.32
      0.8       0.598     0.0     3.35      2.07
      0.84      0.68      0.0     3.06      1.81
      0.88      0.77      0.0     2.71      1.54
      0.92      0.867     0.0     2.29      1.25
      0.96      0.95      0.0     1.69      0.88
      0.995     1.0       0.0     0.0       0.0

**==============================================================================
** ROCK TYPE 2: Good Reservoir (Clean Sand)
** HYSKRG = 0.18
**==============================================================================
*RPT 2
*HYSKRG 0.18

*SGT
** Sg        krg       krog    Pcog(kPa) Pcogi(kPa)
      0.005     0.0       0.0     0.0       0.0
      0.04      0.004     0.0     3.55      1.89
      0.08      0.011     0.0     5.02      2.68
      0.12      0.023     0.0     6.09      3.25
      0.16      0.038     0.0     6.98      3.72
      0.2       0.056     0.0     7.74      4.13
      0.24      0.076     0.0     8.43      4.5
      0.28      0.098     0.0     9.05      4.83
      0.32      0.123     0.0     9.63      5.14
      0.36      0.151     0.0     10.17     5.42
      0.4       0.182     0.0     10.67     5.69
      0.44      0.215     0.0     11.15     5.95
      0.48      0.252     0.0     11.61     6.19
      0.52      0.291     0.0     12.04     6.42
      0.56      0.333     0.0     12.46     6.64
      0.6       0.378     0.0     12.86     6.86
      0.64      0.426     0.0     13.24     7.06
      0.68      0.477     0.0     13.62     7.26
      0.72      0.53      0.0     13.98     7.46
      0.76      0.586     0.0     14.33     7.64
      0.8       0.644     0.0     14.67     7.82
      0.84      0.704     0.0     15.0      8.0

*SWT
** Sw        krw       krow    Pcow(kPa) Pcowi(kPa)
      0.16      0.0       0.0     12.0      12.0
      0.2       0.002     0.0     11.74     11.45
      0.24      0.012     0.0     11.46     10.91
      0.28      0.024     0.0     11.18     10.38
      0.32      0.039     0.0     10.89     9.85
      0.36      0.056     0.0     10.6      9.33
      0.4       0.076     0.0     10.29     8.81
      0.44      0.1       0.0     9.97      8.3
      0.48      0.128     0.0     9.63      7.79
      0.52      0.16      0.0     9.29      7.28
      0.56      0.196     0.0     8.92      6.78
      0.6       0.238     0.0     8.54      6.29
      0.64      0.286     0.0     8.13      5.8
      0.68      0.34      0.0     7.7       5.31
      0.72      0.402     0.0     7.24      4.81
      0.76      0.47      0.0     6.74      4.32
      0.8       0.546     0.0     6.2       3.82
      0.84      0.63      0.0     5.58      3.31
      0.88      0.72      0.0     4.87      2.77
      0.92      0.818     0.0     4.01      2.19
      0.96      0.91      0.0     2.84      1.48
      0.995     1.0       0.0     0.0       0.0

**==============================================================================
** ROCK TYPE 3: Moderate Reservoir (Silty Sand)
** HYSKRG = 0.25
**==============================================================================
*RPT 3
*HYSKRG 0.25

*SGT
** Sg        krg       krog    Pcog(kPa) Pcogi(kPa)
      0.005     0.0       0.0     0.0       0.0
      0.04      0.003     0.0     5.15      2.75
      0.08      0.009     0.0     7.86      4.19
      0.12      0.019     0.0     9.97      5.32
      0.16      0.032     0.0     11.77     6.28
      0.2       0.048     0.0     13.37     7.13
      0.24      0.066     0.0     14.83     7.91
      0.28      0.086     0.0     16.19     8.63
      0.32      0.109     0.0     17.45     9.31
      0.36      0.134     0.0     18.65     9.95
      0.4       0.162     0.0     19.79     10.56
      0.44      0.192     0.0     20.88     11.14
      0.48      0.225     0.0     21.93     11.7
      0.52      0.26      0.0     22.94     12.23
      0.56      0.298     0.0     23.91     12.75
      0.6       0.338     0.0     24.85     13.25
      0.64      0.381     0.0     25.77     13.74
      0.68      0.426     0.0     26.66     14.22
      0.72      0.474     0.0     27.52     14.68
      0.76      0.524     0.0     28.37     15.13
      0.8       0.576     0.0     29.19     15.57
      0.84      0.63      0.0     30.0      16.0

*SWT
** Sw        krw       krow    Pcow(kPa) Pcowi(kPa)
      0.16      0.0       0.0     25.0      25.0
      0.2       0.0015    0.0     24.33     23.77
      0.24      0.009     0.0     23.64     22.55
      0.28      0.019     0.0     22.94     21.35
      0.32      0.032     0.0     22.21     20.17
      0.36      0.047     0.0     21.47     19.0
      0.4       0.064     0.0     20.71     17.85
      0.44      0.085     0.0     19.92     16.72
      0.48      0.11      0.0     19.11     15.6
      0.52      0.139     0.0     18.27     14.49
      0.56      0.172     0.0     17.4      13.4
      0.6       0.21      0.0     16.49     12.32
      0.64      0.254     0.0     15.54     11.26
      0.68      0.304     0.0     14.55     10.2
      0.72      0.361     0.0     13.49     9.15
      0.76      0.425     0.0     12.36     8.1
      0.8       0.498     0.0     11.14     7.04
      0.84      0.578     0.0     9.81      5.97
      0.88      0.668     0.0     8.31      4.87
      0.92      0.768     0.0     6.55      3.69
      0.96      0.878     0.0     4.29      2.32
      0.995     1.0       0.0     0.0       0.0

**==============================================================================
** ROCK TYPE 4: Poor Reservoir (Silt)
** HYSKRG = 0.32
**==============================================================================
*RPT 4
*HYSKRG 0.32

*SGT
** Sg        krg       krog    Pcog(kPa) Pcogi(kPa)
      0.005     0.0       0.0     0.0       0.0
      0.04      0.002     0.0     6.64      3.62
      0.08      0.007     0.0     11.03     6.02
      0.12      0.015     0.0     14.67     8.0
      0.16      0.026     0.0     17.9      9.76
      0.2       0.039     0.0     20.86     11.38
      0.24      0.054     0.0     23.62     12.88
      0.28      0.071     0.0     26.23     14.31
      0.32      0.09      0.0     28.72     15.66
      0.36      0.112     0.0     31.1      16.96
      0.4       0.135     0.0     33.39     18.21
      0.44      0.161     0.0     35.61     19.42
      0.48      0.189     0.0     37.76     20.6
      0.52      0.219     0.0     39.85     21.74
      0.56      0.252     0.0     41.89     22.85
      0.6       0.287     0.0     43.88     23.93
      0.64      0.324     0.0     45.82     24.99
      0.68      0.364     0.0     47.73     26.03
      0.72      0.406     0.0     49.6      27.05
      0.76      0.45      0.0     51.43     28.05
      0.8       0.496     0.0     53.23     29.03
      0.84      0.544     0.0     55.0      30.0

*SWT
** Sw        krw       krow    Pcow(kPa) Pcowi(kPa)
      0.16      0.0       0.0     45.0      45.0
      0.2       0.001     0.0     43.55     42.57
      0.24      0.007     0.0     42.08     40.18
      0.28      0.015     0.0     40.58     37.84
      0.32      0.026     0.0     39.05     35.53
      0.36      0.039     0.0     37.49     33.27
      0.4       0.054     0.0     35.9      31.05
      0.44      0.072     0.0     34.27     28.87
      0.48      0.094     0.0     32.61     26.73
      0.52      0.12      0.0     30.89     24.63
      0.56      0.15      0.0     29.13     22.58
      0.6       0.185     0.0     27.32     20.55
      0.64      0.226     0.0     25.44     18.57
      0.68      0.273     0.0     23.49     16.62
      0.72      0.327     0.0     21.46     14.7
      0.76      0.388     0.0     19.33     12.8
      0.8       0.458     0.0     17.07     10.92
      0.84      0.536     0.0     14.64     9.04
      0.88      0.624     0.0     12.0      7.14
      0.92      0.722     0.0     9.03      5.16
      0.96      0.832     0.0     5.43      2.98
      0.995     1.0       0.0     0.0       0.0

**==============================================================================
** ROCK TYPE 5: Seal/Caprock (Shale/Mudstone)
** HYSKRG = 0.38
**==============================================================================
*RPT 5
*HYSKRG 0.38

*SGT
** Sg        krg       krog    Pcog(kPa) Pcogi(kPa)
      0.005     0.0       0.0     0.0       0.0
      0.04      0.0015    0.0     8.53      4.62
      0.08      0.005     0.0     16.11     8.72
      0.12      0.012     0.0     23.0      12.46
      0.16      0.021     0.0     29.49     15.98
      0.2       0.032     0.0     35.71     19.34
      0.24      0.045     0.0     41.72     22.6
      0.28      0.059     0.0     47.56     25.76
      0.32      0.075     0.0     53.26     28.85
      0.36      0.094     0.0     58.83     31.87
      0.4       0.114     0.0     64.31     34.83
      0.44      0.136     0.0     69.69     37.75
      0.48      0.16      0.0     74.99     40.62
      0.52      0.186     0.0     80.22     43.45
      0.56      0.214     0.0     85.38     46.25
      0.6       0.244     0.0     90.48     49.01
      0.64      0.276     0.0     95.52     51.74
      0.68      0.31      0.0     100.51    54.44
      0.72      0.346     0.0     105.45    57.12
      0.76      0.384     0.0     110.34    59.77
      0.8       0.424     0.0     115.19    62.39
      0.84      0.466     0.0     120.0     65.0

*SWT
** Sw        krw       krow    Pcow(kPa) Pcowi(kPa)
      0.16      0.0       0.0     100.0     100.0
      0.2       0.0008    0.0     95.99     93.92
      0.24      0.005     0.0     91.95     87.99
      0.28      0.012     0.0     87.87     82.19
      0.32      0.021     0.0     83.76     76.53
      0.36      0.032     0.0     79.6      71.02
      0.4       0.045     0.0     75.4      65.65
      0.44      0.061     0.0     71.15     60.41
      0.48      0.08      0.0     66.85     55.32
      0.52      0.103     0.0     62.49     50.37
      0.56      0.13      0.0     58.08     45.56
      0.6       0.162     0.0     53.59     40.88
      0.64      0.2       0.0     49.03     36.35
      0.68      0.244     0.0     44.38     31.94
      0.72      0.296     0.0     39.63     27.67
      0.76      0.356     0.0     34.77     23.52
      0.8       0.426     0.0     29.76     19.5
      0.84      0.506     0.0     24.58     15.57
      0.88      0.598     0.0     19.17     11.73
      0.92      0.702     0.0     13.42     7.92
      0.96      0.82      0.0     7.11      4.05
      0.995     1.0       0.0     0.0       0.0

**==============================================================================
** SUMMARY: HYSKRG VALUES BY ROCK TYPE
**==============================================================================
** Type 1 (Channel Sand):   HYSKRG = 0.12  [Best reservoir, minimal trapping]
** Type 2 (Clean Sand):     HYSKRG = 0.18  [Good reservoir, moderate trapping]
** Type 3 (Silty Sand):     HYSKRG = 0.25  [Moderate reservoir, significant trapping]
** Type 4 (Silt):           HYSKRG = 0.32  [Poor reservoir, high trapping]
** Type 5 (Shale/Seal):     HYSKRG = 0.38  [Caprock, very high trapping]
**==============================================================================


**---------------------------- ROCK TYPE ASSIGNMENT --------------------
** Cell-by-cell rock type assignment based on porosity-permeability
** classification using Kozeny-Carman relationships

*RTYPE *ALL
   3   3   3   3   3   4   4   4
   4   4   4   4   4   4   4   3
   3   2   3   4   4   3   3   3
   3   3   3   3   3   4   4   4
   4   4   4   3   4   4   4   4
   3   3   2   2   3   3   3   3
   3   3   3   3   3   3   4   4
   4   4   3   3   3   3   3   3
   4   4   3   2   2   2   2   2
   3   3   3   3   3   3   3   3
   4   3   3   3   3   3   3   3
   3   3   3   3   3   2   2   2
   2   3   3   3   3   3   3   4
   4   4   4   4   4   4   4   4
   4   4   4   4   3   3   3   3
   3   3   3   3   3   3   3   3
   4   4   4   4   4   4   4   4
   4   5   5   5   4   3   3   3
   4   4   4   4   4   4   4   4
   4   4   4   4   4   4   4   4
   4   4   4   4   4   4   3   3
   3   4   4   4   4   4   4   4
   4   4   4   4   4   4   4   4
   5   5   4   4   4   4   4   3
   3   3   3   4   4   4   4   4
   4   5   4   4   4   4   4   4
   4   5   5   5   4   4   4   4
   3   3   3   3   3   4   4   4
   4   4   4   4   4   4   3   4
   4   4   5   5   5   4   4   4
   4   4   3   3   3   3   3   3
   3   4   3   4   4   4   4   4
   4   4   4   4   4   4   4   4
   4   4   4   3   3   3   4   4
   4   4   3   3   3   4   5   5
   5   4   4   4   4   4   4   3
   4   4   4   4   4   4   4   4
   4   3   3   3   3   3   4   5
   5   5   5   4   4   3   3   3
   3   4   4   4   4   4   4   4
   4   4   3   3   3   3   4   4
   5   5   5   4   4   4   4   4
   4   4   4   4   3   4   4   4
   4   4   4   4   3   3   4   4
   4   4   4   4   4   4   4   4
   4   4   4   4   3   3   4   4
   4   4   4   4   3   3   3   4
   4   4   4   4   4   4   4   4
   4   4   4   4   4   4   4   4
   4   4   4   4   4   3   4   3
   4   4   4   4   4   4   4   4
   4   4   4   4   4   4   4   4
   4   4   4   4   4   4   4   4
   4   4   4   4   4   4   4   4
   4   4   4   3   3   4   4   4
   4   4   4   3   3   3   4   4
   4   4   4   4   4   4   4   4
   4   4   4   4   4   4   4   4
   5   5   4   4   3   3   3   4
   4   4   4   3   3   4   4   4
   4   4   4   4   4   4   4   4
   4   4   5   4   4   4   4   4
   4   4   3   3   3   3   3   3
   4   4   4   4   4   3   3   3
   3   3   4   4   4   4   4   4
   4   4   3   3   3   4   4   4
   4   4   4   4   4   4   3   3
   3   3   3   4   4   4   4   4
   4   3   3   3   3   4   4   4
   4   4   4   4   4   4   4   4
   4   4   4   4   4   4   4   4
   4   3   3   3   4   4   4   4
   4   4   4   4   4   4   4   4
   4   4   4   4   4   4   3   3
   4   4   4   3   4   4   4   4
   4   4   4   4   4   4   4   4
   4   4   4   4   4   4   4   3
   3   3   4   4   4   4   4   4
   4   3   3   3   3   3   3   2
   3   3   3   4   3   3   3   2
   1   1   1   1   2   3   2   2
   3   3   2   3   3   3   2   1
   1   1   2   3   3   3   3   3
   3   2   1   1   1   1   1   2
   2   2   2   2   3   3   3   2
   1   1   1   2   2   2   2   2
   2   2   1   1   1   1   1   1
   1   1   1   2   2   3   3   3
   2   1   1   1   1   2   2   2
   2   2   2   1   1   1   1   1
   2   2   1   1   2   3   3   3
   2   2   1   1   1   1   1   2
   2   2   1   1   1   1   1   1
   2   2   2   2   2   2   2   3
   3   2   2   1   1   1   2   3
   3   3   3   3   2   1   1   1
   1   2   3   3   3   3   3   3
   2   2   2   2   2   1   1   3
   3   4   4   4   3   2   2   1
   1   1   2   3   3   3   3   3
   2   1   1   2   3   3   2   3
   3   4   4   4   3   3   2   2
   1   1   1   1   1   2   3   3
   2   2   2   2   3   3   3   3
   3   4   4   4   3   3   3   2
   2   2   1   1   1   1   2   3
   3   3   2   2   3   3   2   2
   2   3   3   3   3   3   3   3
   3   3   3   3   2   1   2   3
   3   3   3   3   2   3   3   2
   2   2   2   2   2   2   3   3
   3   3   3   4   4   3   3   3
   4   4   4   3   1   1   2   2
   3   3   2   2   2   2   2   2
   2   2   2   3   3   3   3   3
   3   3   3   2   2   1   1   1
   1   2   3   3   2   2   1   2
   2   2   2   2   3   3   3   3
   3   3   2   2   1   1   2   1
   1   1   2   3   3   2   1   1
   1   2   2   2   3   3   3   3
   3   3   3   2   2   1   1   3
   2   2   2   2   3   3   3   2
   1   1   1   2   2   2   3   3
   3   3   3   2   2   2   2   2
   3   3   2   2   2   3   3   3
   3   2   1   1   1   1   1   2
   2   3   3   3   2   2   1   2
   2   2   2   2   2   2   3   3
   3   3   1   1   1   1   1   1
   2   2   3   3   3   3   2   2
   3   3   2   2   2   3   3   3
   3   3   2   1   1   1   1   2
   2   3   3   3   3   3   3   3
   3   3   3   2   2   3   3   3
   3   3   3   2   2   1   2   2
   3   3   4   4   4   3   3   3
   3   3   2   2   1   2   2   2
   3   3   3   2   2   2   2   3
   4   4   5   5   4   4   3   3
   3   3   3   2   1   2   2   2
   2   3   3   3   2   2   2   3
   4   4   4   4   4   4   3   3
   3   3   3   3   3   2   2   2
   3   3   3   3   2   2   3   3
   3   3   3   3   3   3   3   3
   3   3   2   3   3   3   3   3
   3   3   3   3   3   3   2   3
   3   3   3   3   3   3   2   2
   3   3   3   3   3   3   3   3
   4   4   4   4   4   3   3   3
   4   3   3   3   2   2   2   2
   2   2   3   3   3   3   3   4
   4   4   4   4   3   3   3   3
   4   4   4   4   3   3   3   2
   2   1   1   2   2   3   3   3
   3   4   2   2   3   4   4   4
   4   4   4   3   3   3   2   2
   1   1   1   1   1   1   2   2
   2   1   1   1   2   3   4   4
   4   3   3   3   3   2   2   2
   2   1   1   1   1   1   1   2
   2   1   1   1   1   1   2   2
   2   2   2   3   3   3   3   2
   2   2   1   1   1   2   2   3
   3   2   1   1   1   1   1   1
   1   1   1   1   2   3   3   3
   3   3   3   2   1   1   2   3
   3   2   1   1   1   1   1   2
   1   1   1   1   1   1   2   3
   3   3   3   3   2   1   1   1
   2   2   2   1   1   1   1   1
   1   1   1   1   1   1   1   3
   3   4   4   4   4   3   1   1
   1   2   3   2   2   1   2   2
   2   1   1   1   1   1   1   2
   3   3   4   4   4   4   3   3
   2   3   3   3   3   3   2   3
   3   2   1   1   1   2   2   3
   3   3   4   4   4   4   3   3
   3   3   3   2   2   3   3   3
   3   3   2   1   1   1   2   2
   3   3   4   5   5   4   4   3
   2   2   3   2   2   1   2   3
   3   3   3   2   1   1   1   1
   1   2   3   4   5   5   5   4
   3   2   2   3   3   2   2   2
   3   3   3   3   3   2   1   1
   1   1   1   3   3   4   4   4
   4   3   3   2   3   3   3   3
   3   3   3   3   3   3   3   2
   2   1   1   2   3   3   3   4
   4   3   3   2   2   2   3   3
   3   3   2   2   2   2   3   2
   2   2   2   3   3   3   3   3
   3   3   3   3   2   2   2   2
   2   2   2   1   1   2   2   2
   2   2   3   3   3   3   3   3
   3   3   3   3   3   3   2   2
   2   2   2   2   1   1   2   2
   2   2   2   3   3   3   4   3
   3   2   2   3   2   2   2   2
   2   2   2   2   2   2   2   2
   2   2   1   1   1   2   3   4
   4   3   2   2   2   2   2   2
   2   2   2   2   2   3   3   3
   3   3   2   1   1   1   2   3
   3   3   3   2   2   2   2   2
   3   3   2   2   2   2   3   3
   3   4   3   2   1   1   1   2
   2   3   3   2   2   2   2   2
   3   3   3   2   2   2   2   3
   3   4   3   3   1   1   1   2
   2   3   3   3   2   2   2   2
   3   3   3   3   3   3   3   3
   3   4   4   3   2   2   2   2
   3   3   3   3   3   2   1   1
   2   3   3   3   4   4   4   3
   3   3   4   4   3   3   3   3
   3   3   3   3   3   3   2   2
   2   2   2   2   3   3   3   3
   3   2   2   3   3   3   3   3
   3   3   2   2   3   3   3   3
   4   3   3   2   1   2   2   2
   2   2   2   2   2   2   2   2
   2   2   2   2   2   2   3   3
   4   4   4   3   2   1   1   2
   2   2   3   2   2   2   2   2
   2   2   2   2   3   3   3   3
   3   4   4   3   3   2   2   2
   2   2   3   2   2   2   1   1
   2   1   2   3   3   4   4   4
   4   4   4   4   3   3   2   2
   2   2   2   1   1   1   2   1
   1   1   2   4   4   5   5   4
   4   4   4   4   3   3   3   3
   3   3   2   2   2   2   3   4
   4   3   3   3   4   5   5   5
   5   5   4   4   3   3   3   3
   3   2   3   3   2   2   2   3
   4   4   3   3   3   4   5   5
   5   5   5   4   4   3   3   3
   2   2   2   2   1   1   2   2
   3   3   3   3   3   4   4   4
   4   4   4   4   4   3   3   3
   2   2   3   2   2   1   1   2
   2   3   3   3   3   3   4   4
   4   3   3   3   3   3   3   3
   3   3   3   3   3   3   3   2
   3   3   3   3   3   3   3   3
   3   3   2   2   2   2   2   3
   4   4   4   4   4   4   4   3
   3   3   3   3   3   3   3   3
   3   3   2   1   1   2   2   2
   3   4   5   5   5   5   4   4
   4   4   4   4   3   3   3   3
   3   2   3   3   3   2   2   2
   3   4   5   5   5   5   4   4
   4   4   4   4   4   4   3   3
   2   2   2   3   3   3   3   3
   3   3   4   5   5   5   4   4
   3   3   3   3   3   3   3   3
   3   2   2   2   2   2   2   3
   3   3   3   4   5   5   5   4
   4   3   2   2   2   3   3   3
   2   3   3   3   3   3   2   2
   2   3   3   3   3   4   4   4
   4   3   3   2   1   2   3   3
   2   2   2   3   3   3   3   3
   3   3   3   3   3   3   3   3
   3   4   4   3   1   1   2   2
   2   2   2   2   3   3   2   3
   3   3   3   3   3   3   3   3
   3   3   3   3   2   1   1   1
   1   1   2   2   2   3   2   2
   3   3   3   3   3   3   3   3
   2   2   2   2   2   2   2   1
   1   1   2   2   2   2   2   2
   2   3   3   3   3   2   3   3
   2   2   2   2   2   2   3   3
   2   2   2   2   2   3   3   2
   2   2   3   3   2   2   3   3
   2   2   2   2   2   2   2   3
   3   3   3   3   3   3   3   3
   2   2   3   3   3   2   2   2
   3   3   2   3   2   3   3   2
   2   3   3   3   3   3   3   3
   2   2   2   3   3   3   3   3
   3   3   2   2   3   3   3   3
   3   3   3   3   3   3   3   3
   2   2   1   2   2   4   4   4
   3   3   2   2   2   3   4   4
   4   4   3   3   3   3   3   3
   3   3   3   2   2   3   4   4
   3   3   3   2   2   3   3   4
   4   4   4   4   4   4   4   4
   3   3   3   3   3   3   4   4
   3   3   2   2   2   3   3   4
   4   4   4   4   4   4   4   4
   3   3   3   3   3   4   4   4
   3   2   2   2   2   2   3   3
   3   4   4   4   4   3   3   4
   3   3   3   3   3   3   3   3
   3   1   1   2   2   2   3   3
   3   3   4   4   4   3   3   3
   3   3   3   3   3   3   3   3
   2   1   1   2   2   3   3   3
   3   4   4   4   3   3   2   2
   2   3   3   3   3   3   3   3
   2   2   1   3   3   3   3   3
   4   4   4   4   3   3   3   2
   2   2   2   2   2   2   3   3
   3   3   3   2   4   3   3   3
   2   2   2   2   2   3   3   3
   3   3   3   2   1   1   1   2
   3   3   4   4   4   4   4   4
   3   3   3   3   2   2   1   1
   2   2   3   3   2   1   1   1
   3   3   4   4   4   4   4   4
   4   4   4   4   3   3   1   1
   1   1   1   1   1   1   1   1
   1   2   2   3   3   3   4   4
   4   4   3   3   3   3   3   3
   2   2   1   1   1   1   1   1
   1   1   2   2   3   3   3   3
   3   3   3   3   2   2   3   4
   4   4   3   3   2   2   2   2
   1   1   2   3   3   3   3   3
   3   3   3   3   3   2   2   2
   3   3   3   3   3   3   3   3
   3   2   3   3   4   4   4   4
   4   4   4   4   4   4   3   3
   2   2   3   3   3   3   3   4
   3   3   3   3   4   4   4   4
   4   3   3   4   4   5   4   4
   3   2   3   3   3   3   4   4
   4   4   3   3   3   4   4   4
   4   3   3   3   3   4   4   4
   3   3   2   3   4   4   4   3
   3   4   3   3   3   3   3   3
   3   3   2   2   3   3   3   3
   2   2   2   3   3   4   4   3
   3   3   3   2   3   2   2   2
   3   3   2   2   2   3   3   2
   2   1   2   2   2   3   3   2
   1   1   1   1   2   3   3   2
   2   3   3   3   3   3   3   2
   1   1   2   2   2   2   2   2
   1   1   1   1   1   2   2   2
   2   3   3   3   3   3   3   3
   2   1   2   2   3   3   3   3
   3   2   1   1   1   1   2   2
   2   2   2   3   3   3   2   2
   1   1   2   3   3   3   4   4
   4   4   4   3   2   1   1   2
   3   3   3   3   3   3   2   2
   1   1   2   2   3   4   4   4
   4   4   4   5   4   3   2   2
   3   3   3   3   3   3   3   3
   2   2   1   2   3   4   4   4
   4   4   4   4   4   4   3   3
   2   3   3   3   3   3   3   3
   3   2   2   2   3   3   4   4
   4   3   3   3   3   4   4   3
   3   2   2   2   3   3   2   2
   2   2   3   3   3   4   3   4
   4   3   3   2   2   3   3   3
   3   3   3   2   2   2   2   2
   2   2   2   3   3   4   4   4
   4   4   3   2   1   1   2   3
   3   4   4   3   3   2   2   2
   2   2   2   2   2   3   4   4
   4   4   3   3   3   2   2   2
   3   3   3   3   3   3   3   3
   3   3   3   3   2   3   3   3
   4   3   3   3   3   3   3   3
   3   3   3   3   2   2   2   3
   3   3   3   3   3   3   3   3
   3   3   3   3   3   4   4   4
   4   3   3   3   3   3   2   2
   3   3   2   2   2   2   2   2
   2   3   2   2   3   3   4   4
   4   4   4   3   3   3   3   3
   3   3   2   1   2   2   2   2
   2   2   2   2   2   2   3   3
   4   3   3   3   3   4   4   4
   3   3   2   2   1   1   2   2
   2   3   3   3   4   3   2   2
   2   2   2   2   3   3   4   4
   4   3   3   2   2   1   1   1
   2   2   3   4   4

**-------------------------------- INITIAL CONDITION --------
*INITIAL

VERTICAL DEPTH_AVE WATER_GAS NOTRANZONE EQUIL

*ZGAS     0.0001  0.9999

REFPRES 
  8150.0

REFDEPTH 
  7500.0

DWGC 
  100.0

*SEPARATOR
           14.70000  60.00000
**--------------------------------  NUMERICAL --------------
*NUMERICAL
*NORM      *PRESS     500.
*NORM      *SATUR  0.005
*NORM      *GMOLAR 0.005

*CONVERGE *PRESS  1.E-04
*CONVERGE *HC     5.E-05
*CONVERGE *WATER  5.E-05

*MAXCHANGE *PRESS   500.
*MAXCHANGE  *GMOLAR 0.8
*MAXCHANGE  *SATUR  0.8
*CONVERGE   *MAXRES 1.E-04

*NORTH 80
*ITERMAX 150

*DTMIN    1.E-06
*DTMAX    182.5
**-------------------------------  WELL DATA  -----------
*RUN
*DATE 2000 1 1
      *DTWELL   0.01
**       *WELL 1 'INJ'
**
WELL  'INJ'
INJECTOR 'INJ'
INCOMP  SOLVENT  1.0  0.0
OPERATE  MAX  STG  6670000.0  CONT
OPERATE  MAX  BHP  10000.0  CONT
**          rad  geofac  wfrac  skin
GEOMETRY  K  1.0  0.34  1.0  0.0  
      PERF       GEO  'INJ'
** UBA               ff          Status  Connection  
    13 13 1:5         1.0  OPEN    FLOW-FROM  'SURFACE'
**       *WELL 2  'PROD'
**
WELL  'PROD'
PRODUCER 'PROD'
OPERATE  MIN  BHP  5000.0  CONT
**          rad  geofac  wfrac  skin
GEOMETRY  K  1.0  0.34  1.0  0.0  
      PERF       GEO  'PROD'
** UBA               ff          Status  Connection  
    25 25 1         1.0  OPEN    FLOW-TO  'SURFACE'
      *AIMWELL  *WELLNN
DATE 2000 02 29
DATE 2000 03 31
DATE 2000 04 30
DATE 2000 05 31
DATE 2000 06 30

DATE 2000 07 31
DATE 2000 08 31
DATE 2000 09 30
DATE 2000 10 31
DATE 2000 11 30

DATE 2001 01 01
DATE 2002 01 01
DATE 2003 01 01
DATE 2004 01 01
DATE 2005 01 01

DATE 2006 01 01
DATE 2007 01 01
DATE 2008 01 01
DATE 2009 01 01
DATE 2010 01 01

DATE 2011 01 01
DATE 2012 01 01
DATE 2013 01 01
DATE 2014 01 01
DATE 2015 01 01

DATE 2016 01 01
DATE 2017 01 01
DATE 2018 01 01
DATE 2019 01 01
DATE 2020 01 01

DATE 2021 01 01
DATE 2022 01 01
DATE 2023 01 01
DATE 2024 01 01
DATE 2025 01 01
SHUTIN 'INJ'

DATE 2026 01 01
DATE 2027 01 01
DATE 2028 01 01
DATE 2029 01 01
DATE 2030 01 01

DATE 2031 01 01
DATE 2032 01 01
DATE 2033 01 01
DATE 2034 01 01
DATE 2035 01 01

DATE 2036 01 01
DATE 2037 01 01
DATE 2038 01 01
DATE 2039 01 01
DATE 2040 01 01
DATE 2041 01 01
DATE 2042 01 01
DATE 2043 01 01
DATE 2044 01 01
DATE 2045 01 01
DATE 2046 01 01
DATE 2047 01 01
DATE 2048 01 01
DATE 2049 01 01
DATE 2050 01 01
DATE 2051 01 01
DATE 2052 01 01
DATE 2053 01 01
DATE 2054 01 01
DATE 2055 01 01
DATE 2056 01 01
DATE 2057 01 01
DATE 2058 01 01
DATE 2059 01 01
DATE 2060 01 01
DATE 2061 01 01
DATE 2062 01 01
DATE 2063 01 01
DATE 2064 01 01
DATE 2065 01 01
DATE 2066 01 01
DATE 2067 01 01
DATE 2068 01 01
DATE 2069 01 01
DATE 2070 01 01
DATE 2071 01 01
DATE 2072 01 01
DATE 2073 01 01
DATE 2074 01 01
DATE 2075 01 01
DATE 2076 01 01
DATE 2077 01 01
DATE 2078 01 01
DATE 2079 01 01
DATE 2080 01 01
DATE 2081 01 01
DATE 2082 01 01
DATE 2083 01 01
DATE 2084 01 01
DATE 2085 01 01
DATE 2086 01 01
DATE 2087 01 01
DATE 2088 01 01
DATE 2089 01 01
DATE 2090 01 01
DATE 2091 01 01
DATE 2092 01 01
DATE 2093 01 01
DATE 2094 01 01
DATE 2095 01 01
DATE 2096 01 01
DATE 2097 01 01
DATE 2098 01 01
DATE 2099 01 01
DATE 2100 01 01
DATE 2101 01 01
DATE 2102 01 01
DATE 2103 01 01
DATE 2104 01 01
DATE 2105 01 01
DATE 2106 01 01
DATE 2107 01 01
DATE 2108 01 01
DATE 2109 01 01
DATE 2110 01 01
DATE 2111 01 01
DATE 2112 01 01
DATE 2113 01 01
DATE 2114 01 01
DATE 2115 01 01
DATE 2116 01 01
DATE 2117 01 01
DATE 2118 01 01
DATE 2119 01 01
DATE 2120 01 01
DATE 2121 01 01
DATE 2122 01 01
DATE 2123 01 01
DATE 2124 01 01
DATE 2125 01 01
DATE 2126 01 01
DATE 2127 01 01
DATE 2128 01 01
DATE 2129 01 01
DATE 2130 01 01
DATE 2131 01 01
DATE 2132 01 01
DATE 2133 01 01
DATE 2134 01 01
DATE 2135 01 01
DATE 2136 01 01
DATE 2137 01 01
DATE 2138 01 01
DATE 2139 01 01
DATE 2140 01 01
DATE 2141 01 01
DATE 2142 01 01
DATE 2143 01 01
DATE 2144 01 01
DATE 2145 01 01
DATE 2146 01 01
DATE 2147 01 01
DATE 2148 01 01
DATE 2149 01 01
DATE 2150 01 01
*STOP

RESULTS SPEC 'Permeability J'  
RESULTS SPEC SPECNOTCALCVAL -99999      
RESULTS SPEC REGION 'All Layers (Whole Grid)'
RESULTS SPEC REGIONTYPE 'REGION_WHOLEGRID'
RESULTS SPEC LAYERNUMB 0
RESULTS SPEC PORTYPE 1
RESULTS SPEC EQUALSI 0 1           
RESULTS SPEC SPECKEEPMOD 'YES'
RESULTS SPEC STOP


RESULTS SPEC 'Permeability K'  
RESULTS SPEC SPECNOTCALCVAL -99999      
RESULTS SPEC REGION 'All Layers (Whole Grid)'
RESULTS SPEC REGIONTYPE 'REGION_WHOLEGRID'
RESULTS SPEC LAYERNUMB 0
RESULTS SPEC PORTYPE 1
RESULTS SPEC EQUALSI 1 0.1         
RESULTS SPEC SPECKEEPMOD 'YES'
RESULTS SPEC STOP
